{"stats":{"minecraft:picked_up":{"minecraft:crafting_table":5,"minecraft:andesite":20,"minecraft:leather":3,"minecraft:oak_log":10,"minecraft:dirt":11,"minecraft:raw_copper":14,"minecraft:cooked_mutton":8,"minecraft:wheat_seeds":10,"minecraft:beef":8,"minecraft:sugar_cane":4,"minecraft:furnace":1,"minecraft:stick":9,"minecraft:raw_iron":3,"minecraft:pumpkin":3,"minecraft:torch":4,"minecraft:blast_furnace":1,"minecraft:ink_sac":2,"minecraft:spruce_sapling":7,"mcwlights:magenta_lamp":3,"minecraft:white_bed":8,"minecraft:spruce_log":20,"minecraft:spider_eye":1,"minecraft:rotten_flesh":6,"minecraft:granite":15,"minecraft:coal":40,"minecraft:mutton":9,"minecraft:white_wool":6,"minecraft:cobblestone":125},"minecraft:killed":{"minecraft:spider":1,"minecraft:squid":1,"minecraft:sheep":6,"minecraft:cow":4},"minecraft:broken":{"minecraft:stone_pickaxe":1,"minecraft:wooden_pickaxe":1},"minecraft:mined":{"minecraft:white_bed":8,"minecraft:crafting_table":4,"minecraft:torch":2,"minecraft:granite":15,"minecraft:blast_furnace":1,"minecraft:grass_block":2,"mcwlights:magenta_lamp":3,"minecraft:copper_ore":4,"minecraft:cobblestone":9,"minecraft:spruce_leaves":3,"minecraft:sugar_cane":2,"minecraft:wall_torch":2,"minecraft:tall_seagrass":2,"minecraft:furnace":1,"minecraft:iron_ore":3,"minecraft:spruce_log":20,"minecraft:andesite":20,"minecraft:birch_leaves":13,"minecraft:pumpkin":3,"minecraft:grass":51,"minecraft:oak_log":5,"minecraft:coal_ore":40,"minecraft:dirt":9,"minecraft:stone":116,"minecraft:oak_leaves":8},"minecraft:custom":{"minecraft:interact_with_furnace":11,"minecraft:mob_kills":12,"minecraft:interact_with_crafting_table":13,"minecraft:leave_game":5,"minecraft:time_since_death":85635,"minecraft:sleep_in_bed":6,"minecraft:climb_one_cm":331,"minecraft:time_since_rest":3784,"minecraft:sprint_one_cm":174782,"minecraft:damage_taken":555,"minecraft:walk_one_cm":171397,"minecraft:drop":18,"minecraft:damage_dealt":1164,"minecraft:swim_one_cm":16829,"minecraft:talked_to_villager":1,"minecraft:fly_one_cm":22440,"minecraft:open_chest":6,"minecraft:crouch_one_cm":378,"minecraft:play_time":85635,"minecraft:sneak_time":329,"minecraft:walk_under_water_one_cm":21011,"minecraft:boat_one_cm":366450,"minecraft:jump":517,"minecraft:walk_on_water_one_cm":10347,"minecraft:total_world_time":85635,"minecraft:fall_one_cm":4976},"minecraft:dropped":{"minecraft:iron_nugget":1,"minecraft:oak_log":10,"minecraft:granite":15},"minecraft:crafted":{"minecraft:cooked_beef":8,"minecraft:crafting_table":2,"minecraft:spruce_planks":32,"minecraft:wooden_pickaxe":1,"minecraft:spruce_door":3,"minecraft:furnace":1,"minecraft:stone_axe":1,"minecraft:cooked_mutton":9,"minecraft:stick":8,"minecraft:iron_ingot":3,"minecraft:stone_pickaxe":2,"minecraft:white_bed":2,"minecraft:spruce_boat":1},"minecraft:used":{"minecraft:cooked_mutton":9,"minecraft:spruce_door":2,"minecraft:stone_pickaxe":165,"minecraft:wooden_pickaxe":59,"mcwlights:magenta_lamp":3,"minecraft:iron_chestplate":1,"minecraft:torch":2,"minecraft:crafting_table":7,"minecraft:white_bed":10,"minecraft:spruce_boat":1,"minecraft:iron_helmet":1,"minecraft:stone_axe":65,"minecraft:cobblestone":40,"minecraft:furnace":1,"minecraft:andesite":20,"minecraft:cooked_beef":1}},"DataVersion":3337}