{"stats":{"minecraft:custom":{"minecraft:time_since_rest":10508,"minecraft:play_time":10508,"minecraft:sprint_one_cm":563,"minecraft:walk_one_cm":11981,"minecraft:jump":40,"minecraft:leave_game":1,"minecraft:time_since_death":10508,"minecraft:total_world_time":10508,"minecraft:interact_with_crafting_table":2,"minecraft:fly_one_cm":238},"minecraft:picked_up":{"minecraft:stick":3,"minecraft:granite":8,"minecraft:spruce_sapling":5,"mcwlights:magenta_lamp":1,"minecraft:spruce_log":8,"minecraft:dirt":8,"minecraft:cobblestone":15},"minecraft:mined":{"minecraft:granite":8,"minecraft:grass_block":2,"mcwlights:magenta_lamp":1,"minecraft:dirt":6,"minecraft:spruce_leaves":3,"minecraft:spruce_log":8,"minecraft:stone":15},"minecraft:used":{"minecraft:crafting_table":1,"minecraft:wooden_pickaxe":31},"minecraft:crafted":{"minecraft:crafting_table":1,"minecraft:spruce_planks":28,"minecraft:wooden_pickaxe":1}},"DataVersion":3337}