{"stats":{"minecraft:broken":{"minecraft:stone_pickaxe":1,"minecraft:stone_axe":7,"minecraft:stone_shovel":4},"minecraft:crafted":{"minecraft:stone":112,"sophisticatedbackpacks:crafting_upgrade":1,"minecraft:bookshelf":1,"vinery:dark_cherry_sapling":1,"vinery:jungle_grapes_white":1,"minecraft:bow":1,"minecraft:chest":3,"minecraft:stone_bricks":14,"minecraft:arrow":4,"minecraft:emerald":28,"minecraft:crafting_table":4,"minecraft:spruce_planks":1244,"minecraft:gold_block":1,"minecraft:fletching_table":1,"minecraft:birch_planks":170,"sophisticatedbackpacks:upgrade_base":1,"farmersdelight:cutting_board":1,"minecraft:stone_brick_stairs":3,"minecraft:lectern":1,"minecraft:iron_chestplate":1,"minecraft:charcoal":2,"minecraft:shield":2,"naturescompass:naturescompass":1,"minecraft:stick":810,"minecraft:iron_ingot":12,"minecraft:iron_pickaxe":1,"minecraft:gold_ingot":9,"minecraft:shears":2,"minecraft:stone_shovel":5,"minecraft:leather_boots":1,"minecraft:spruce_fence":12,"minecraft:scaffolding":30,"minecraft:spruce_stairs":330,"mcwbridges:spruce_log_bridge_stair":12,"minecraft:ladder":6,"minecraft:spruce_wood":12,"minecraft:spruce_slab":150,"minecraft:stone_pickaxe":2,"minecraft:spruce_boat":1,"sophisticatedbackpacks:iron_backpack":1,"minecraft:cooked_beef":6,"sophisticatedbackpacks:gold_backpack":1,"minecraft:stone_axe":9,"minecraft:enchanted_book":2,"minecraft:bread":16,"minecraft:air":0,"mcwbridges:spruce_log_bridge_middle":16,"minecraft:iron_leggings":1,"minecraft:white_bed":1,"minecraft:torch":12},"minecraft:custom":{"minecraft:animals_bred":1,"minecraft:interact_with_crafting_table":57,"minecraft:open_barrel":1,"minecraft:leave_game":3,"minecraft:time_since_death":17829,"minecraft:sprint_one_cm":957727,"minecraft:damage_blocked_by_shield":835,"minecraft:drop":62,"minecraft:talked_to_villager":19,"minecraft:play_time":798148,"minecraft:deaths":6,"minecraft:jump":2919,"minecraft:interact_with_brewingstand":1,"minecraft:walk_on_water_one_cm":39587,"minecraft:interact_with_furnace":26,"minecraft:traded_with_villager":32,"minecraft:sleep_in_bed":63,"minecraft:damage_dealt":4539,"minecraft:crouch_one_cm":34554,"minecraft:interact_with_smoker":1,"minecraft:mob_kills":62,"minecraft:interact_with_anvil":2,"minecraft:climb_one_cm":67378,"minecraft:walk_one_cm":1488572,"minecraft:raid_win":1,"minecraft:sneak_time":20470,"minecraft:walk_under_water_one_cm":67355,"minecraft:boat_one_cm":502502,"minecraft:interact_with_blast_furnace":1,"minecraft:total_world_time":798148,"minecraft:raid_trigger":2,"minecraft:interact_with_stonecutter":3,"minecraft:time_since_rest":3598,"minecraft:damage_taken":4697,"minecraft:swim_one_cm":104929,"minecraft:fly_one_cm":131256,"minecraft:open_chest":147,"minecraft:fall_one_cm":38187},"minecraft:killed_by":{"minecraft:ravager":1,"minecraft:vindicator":2,"minecraft:zombie":2},"minecraft:killed":{"minecraft:witch":1,"minecraft:cod":11,"minecraft:skeleton":5,"minecraft:salmon":6,"minecraft:creeper":3,"minecraft:sheep":3,"minecraft:pillager":17,"minecraft:zombie":5,"minecraft:cow":6,"minecraft:vindicator":2,"minecraft:drowned":1,"minecraft:ravager":1},"minecraft:dropped":{"naturescompass:naturescompass":1,"minecraft:dark_oak_stairs":1,"minecraft:item_frame":2,"minecraft:cod":2,"minecraft:flint":2,"minecraft:gold_block":1,"minecraft:dirt":21,"minecraft:sand":1,"minecraft:gold_ingot":1,"minecraft:gravel":12,"minecraft:stone_axe":1,"minecraft:rotten_flesh":4,"minecraft:charcoal":2,"minecraft:arrow":1,"minecraft:iron_ingot":14,"minecraft:stripped_spruce_log":2,"minecraft:wheat_seeds":10,"minecraft:oak_fence":1,"minecraft:golden_axe":1,"minecraft:book":1,"minecraft:granite":15,"minecraft:diorite":12,"minecraft:iron_leggings":1,"minecraft:bucket":1,"minecraft:spruce_sapling":1,"minecraft:dandelion":2,"minecraft:kelp":35,"minecraft:stone_shovel":1,"minecraft:stone_slab":2,"minecraft:filled_map":1,"minecraft:hay_block":1,"minecraft:spruce_planks":4,"minecraft:andesite":2,"minecraft:mossy_stone_bricks":1,"minecraft:purple_bed":1,"minecraft:spruce_log":1,"minecraft:bow":1,"minecraft:stone_pickaxe":1},"minecraft:picked_up":{"minecraft:wheat":41,"vinery:red_grape":9,"minecraft:stone_slab":2,"minecraft:enchanted_book":1,"minecraft:stone_brick_stairs":8,"minecraft:brewing_stand":1,"minecraft:string":51,"minecraft:experience_bottle":3,"minecraft:cobbled_deepslate":6,"minecraft:spruce_planks":37,"minecraft:stick":317,"minecraft:oak_fence":1,"minecraft:torch":10,"minecraft:spruce_stairs":844,"minecraft:diorite":12,"minecraft:cauldron":1,"minecraft:rotten_flesh":13,"farmersdelight:onion":10,"supplementaries:antique_ink":1,"supplementaries:ash":6,"minecraft:cod":11,"minecraft:iron_bars":1,"vinery:apple_log":7,"minecraft:cobblestone":423,"minecraft:birch_log":75,"minecraft:cooked_beef":9,"minecraft:feather":1,"farmersdelight:rice":5,"minecraft:andesite":2,"minecraft:flint":3,"supplementaries:flax_seeds":5,"minecraft:lantern":3,"farmersdelight:tomato":4,"minecraft:dirt":505,"minecraft:name_tag":1,"minecraft:bone":17,"minecraft:bow":6,"minecraft:wheat_seeds":427,"minecraft:bamboo":365,"minecraft:mossy_stone_bricks":1,"minecraft:glowstone_dust":2,"vinery:taiga_grape_seeds_white":3,"minecraft:sand":9,"minecraft:stripped_spruce_log":3,"minecraft:diamond":2,"minecraft:granite":15,"minecraft:bone_meal":2,"minecraft:bread":118,"minecraft:golden_horse_armor":1,"minecraft:emerald":17,"minecraft:light_gray_carpet":1,"minecraft:charcoal":2,"minecraft:crafting_table":5,"vinery:taiga_grapes_white":3,"minecraft:brown_mushroom":2,"minecraft:gold_block":2,"minecraft:shield":5,"minecraft:oak_trapdoor":2,"minecraft:white_carpet":1,"minecraft:item_frame":2,"minecraft:compass":1,"vinery:apple_tree_sapling":3,"minecraft:beef":42,"minecraft:spruce_slab":8,"minecraft:light_gray_wool":22,"minecraft:sugar_cane":5,"minecraft:birch_sapling":35,"minecraft:raw_iron":10,"sophisticatedbackpacks:backpack":1,"minecraft:spruce_fence":1,"minecraft:carrot":10,"minecraft:arrow":15,"minecraft:beetroot_seeds":3,"minecraft:pumpkin_pie":1,"minecraft:shears":4,"minecraft:diamond_boots":1,"vinery:white_grape_seeds":3,"minecraft:hay_block":1,"minecraft:saddle":1,"minecraft:gold_ingot":7,"minecraft:mutton":3,"minecraft:white_wool":796,"farmersdelight:rich_soil":3,"minecraft:salmon":5,"minecraft:leather":13,"minecraft:red_mushroom":1,"minecraft:white_banner":2,"farmersdelight:organic_compost":1,"minecraft:apple":2,"minecraft:stone_bricks":7,"minecraft:kelp":35,"minecraft:spruce_wood":5,"minecraft:stone_pickaxe":5,"minecraft:iron_ingot":13,"minecraft:cooked_chicken":3,"minecraft:dark_oak_stairs":1,"minecraft:book":66,"minecraft:oak_slab":4,"minecraft:scaffolding":163,"minecraft:milk_bucket":1,"minecraft:pumpkin":16,"minecraft:sweet_berries":6,"minecraft:dandelion":4,"minecraft:gravel":24,"minecraft:spruce_log":843,"minecraft:spruce_sapling":143,"minecraft:white_bed":6,"minecraft:dark_oak_fence_gate":2,"minecraft:leather_helmet":1,"minecraft:purple_bed":9,"minecraft:stone_axe":8,"minecraft:polished_diorite":1,"minecraft:gray_wool":17,"minecraft:black_wool":32,"minecraft:melon_seeds":1,"minecraft:coal":16},"minecraft:used":{"minecraft:spruce_slab":134,"minecraft:ladder":5,"minecraft:chest":2,"minecraft:shield":30,"minecraft:iron_sword":71,"minecraft:iron_chestplate":1,"minecraft:mutton":3,"minecraft:milk_bucket":1,"minecraft:spruce_boat":1,"farmersdelight:tomato":2,"minecraft:spruce_wood":12,"minecraft:iron_helmet":1,"minecraft:stone_brick_stairs":98,"minecraft:stone_bricks":7,"farmersdelight:cutting_board":1,"minecraft:bow":156,"minecraft:scaffolding":133,"minecraft:sweet_berries":1,"minecraft:diamond_boots":2,"minecraft:stone_pickaxe":260,"minecraft:white_wool":516,"minecraft:sand":1,"minecraft:shears":40,"easy_villagers:villager":4,"minecraft:bread":61,"minecraft:lectern":1,"minecraft:experience_bottle":3,"mcwbridges:spruce_log_bridge_stair":10,"minecraft:stone_shovel":546,"minecraft:spruce_planks":342,"minecraft:torch":21,"minecraft:dirt":216,"minecraft:spruce_stairs":258,"minecraft:beef":9,"minecraft:cooked_beef":5,"minecraft:cobbled_deepslate":2,"minecraft:iron_leggings":1,"minecraft:beetroot_soup":1,"sophisticatedbackpacks:gold_backpack":1,"minecraft:water_bucket":7,"minecraft:fletching_table":1,"minecraft:leather_boots":2,"minecraft:crafting_table":7,"minecraft:white_bed":7,"minecraft:spruce_log":206,"minecraft:apple":2,"minecraft:iron_pickaxe":3,"minecraft:leather_helmet":1,"minecraft:golden_leggings":1,"minecraft:stone_axe":1121,"minecraft:enchanted_book":1,"minecraft:cobblestone":133,"minecraft:purple_bed":8,"minecraft:white_banner":1,"minecraft:bucket":7,"minecraft:pumpkin_pie":1,"minecraft:dandelion":2,"minecraft:splash_potion":1},"minecraft:mined":{"minecraft:spruce_planks":10,"minecraft:white_bed":6,"farmersdelight:rich_soil":3,"minecraft:brewing_stand":1,"minecraft:granite":15,"minecraft:grass_block":425,"minecraft:polished_diorite":1,"vinery:apple_log":7,"minecraft:tall_seagrass":1,"farmersdelight:wild_rice":5,"minecraft:iron_ore":9,"minecraft:cobbled_deepslate":6,"minecraft:pumpkin":16,"minecraft:dark_oak_stairs":1,"vinery:taiga_grape_bush_white":1,"minecraft:water_cauldron":1,"minecraft:dirt_path":34,"minecraft:iron_bars":1,"minecraft:spruce_wood":4,"minecraft:spruce_slab":3,"farmersdelight:organic_compost":2,"minecraft:kelp_plant":12,"minecraft:torch":5,"vinery:red_grape_bush":2,"supplementaries:wild_flax":5,"minecraft:glass":2,"minecraft:cobblestone":14,"minecraft:sugar_cane":2,"minecraft:wall_torch":2,"minecraft:seagrass":2,"minecraft:birch_log":75,"minecraft:wheat":42,"minecraft:stone_brick_stairs":8,"minecraft:grass":59,"minecraft:sand":5,"minecraft:dirt":47,"minecraft:oak_leaves":6,"farmersdelight:wild_carrots":10,"minecraft:spruce_fence":1,"farmersdelight:wild_cabbages":1,"minecraft:spruce_leaves":30,"minecraft:kelp":1,"minecraft:large_fern":1,"minecraft:hay_block":4,"minecraft:oak_trapdoor":2,"minecraft:dark_oak_fence_gate":2,"minecraft:andesite":2,"minecraft:stripped_spruce_log":4,"minecraft:gold_block":2,"minecraft:bookshelf":22,"minecraft:deepslate_iron_ore":1,"minecraft:lantern":2,"minecraft:bamboo":17,"minecraft:stone":138,"minecraft:white_wool":104,"minecraft:oak_slab":2,"minecraft:light_gray_carpet":1,"minecraft:scaffolding":69,"minecraft:dandelion":2,"minecraft:oak_fence":1,"minecraft:crafting_table":5,"minecraft:campfire":1,"minecraft:stone_slab":1,"minecraft:tall_grass":8,"minecraft:diorite":12,"minecraft:spruce_stairs":40,"farmersdelight:wild_beetroots":3,"minecraft:purple_bed":8,"minecraft:white_carpet":1,"minecraft:spruce_log":686,"minecraft:birch_leaves":5,"minecraft:coal_ore":16,"minecraft:gravel":12,"minecraft:cobweb":24,"minecraft:mossy_stone_bricks":1,"minecraft:fern":6}},"DataVersion":3465}