{"stats":{"minecraft:killed":{"minecraft:zombified_piglin":1,"minecraft:witch":1,"minecraft:cod":11,"minecraft:skeleton":5,"minecraft:salmon":6,"minecraft:creeper":6,"minecraft:sheep":3,"minecraft:pillager":21,"minecraft:zombie":5,"minecraft:cow":6,"minecraft:vindicator":2,"minecraft:drowned":1,"minecraft:rabbit":7,"minecraft:ravager":1},"minecraft:crafted":{"minecraft:brick":35,"mcwdoors:print_bamboo":4,"mcwwindows:window_half_bar_base":64,"minecraft:loom":1,"minecraft:stone":166,"sophisticatedbackpacks:crafting_upgrade":1,"supplementaries:flag_white":1,"minecraft:bookshelf":1,"minecraft:glass":64,"vinery:dark_cherry_sapling":1,"vinery:jungle_grapes_white":1,"minecraft:bow":1,"minecraft:chest":18,"minecraft:bricks":8,"minecraft:stone_hoe":1,"minecraft:stone_bricks":22,"minecraft:glass_bottle":24,"farmersdelight:stove":2,"farmersdelight:tomato_seeds":19,"minecraft:wooden_shovel":1,"minecraft:emerald":28,"minecraft:arrow":4,"minecraft:crafting_table":8,"minecraft:spruce_planks":2048,"farmersdelight:iron_knife":1,"mcwfences:spruce_picket_fence":474,"minecraft:brown_dye":18,"minecraft:red_wool":9,"minecraft:fletching_table":1,"minecraft:gold_block":1,"mcwfences:spruce_pyramid_gate":6,"minecraft:birch_planks":192,"minecraft:campfire":2,"farmersdelight:organic_compost":2,"sophisticatedbackpacks:upgrade_base":1,"farmersdelight:skillet":1,"minecraft:light_gray_bed":2,"farmersdelight:cutting_board":2,"mcwwindows:spruce_window2":64,"minecraft:stone_brick_stairs":49,"minecraft:spruce_trapdoor":6,"minecraft:lectern":1,"minecraft:iron_chestplate":1,"minecraft:wooden_hoe":1,"minecraft:paper":21,"minecraft:yellow_dye":1,"minecraft:charcoal":35,"mcwwindows:window_base":62,"minecraft:shield":2,"naturescompass:naturescompass":1,"minecraft:stick":1106,"minecraft:light_blue_dye":4,"minecraft:iron_ingot":17,"minecraft:iron_pickaxe":1,"minecraft:gold_ingot":9,"minecraft:light_gray_dye":2,"mcwfences:spruce_highley_gate":3,"vinery:winemaker_apron":1,"vinery:winemaker_leggings":1,"vinery:spruce_wine_rack_mid":1,"minecraft:shears":2,"minecraft:cherry_planks":44,"minecraft:stone_shovel":6,"minecraft:leather_boots":1,"mcwtrpdoors:print_blossom":8,"minecraft:furnace":1,"vinery:winemaker_boots":1,"minecraft:spruce_fence":27,"minecraft:white_carpet":6,"minecraft:glass_pane":16,"mcwfences:spruce_stockade_fence":3,"minecraft:scaffolding":30,"minecraft:cherry_trapdoor":6,"minecraft:spruce_stairs":446,"mcwbridges:spruce_log_bridge_stair":12,"minecraft:spruce_wood":21,"minecraft:ladder":6,"minecraft:spruce_slab":372,"minecraft:stone_pickaxe":3,"mcwdoors:spruce_bamboo_door":3,"minecraft:spruce_boat":1,"sophisticatedbackpacks:iron_backpack":1,"minecraft:cooked_beef":6,"minecraft:sugar":4,"minecraft:red_dye":9,"vinery:cherry_wine":1,"elevatorid:elevator_brown":2,"mcwtrpdoors:spruce_blossom_trapdoor":8,"farmersdelight:cooking_pot":1,"sophisticatedbackpacks:gold_backpack":1,"farmersdelight:spruce_cabinet":3,"minecraft:stone_axe":15,"minecraft:enchanted_book":2,"minecraft:bread":27,"minecraft:air":0,"minecraft:jungle_planks":22,"minecraft:blue_dye":4,"mcwbridges:spruce_log_bridge_middle":16,"vinery:straw_hat":1,"minecraft:white_dye":2,"minecraft:brown_wool":18,"minecraft:blue_wool":2,"minecraft:iron_shovel":1,"minecraft:iron_leggings":1,"minecraft:white_bed":2,"farmersdelight:hot_cocoa":1,"minecraft:torch":24,"mcwfences:oak_hedge":56},"minecraft:mined":{"minecraft:spruce_planks":28,"minecraft:white_bed":8,"farmersdelight:rich_soil":3,"minecraft:cherry_log":35,"minecraft:jungle_leaves":2,"minecraft:brewing_stand":3,"minecraft:spruce_trapdoor":2,"minecraft:granite":15,"minecraft:grass_block":858,"mcwfences:oak_hedge":2,"minecraft:jungle_log":6,"minecraft:light_gray_bed":1,"minecraft:polished_diorite":1,"minecraft:oxeye_daisy":1,"vinery:apple_log":7,"minecraft:tall_seagrass":1,"farmersdelight:wild_rice":11,"minecraft:iron_ore":9,"minecraft:fire":5,"minecraft:cobbled_deepslate":10,"minecraft:pumpkin":16,"minecraft:fletching_table":1,"minecraft:azure_bluet":1,"minecraft:dark_oak_stairs":1,"vinery:taiga_grape_bush_white":1,"minecraft:skeleton_wall_skull":1,"supplementaries:stick":6,"minecraft:water_cauldron":3,"minecraft:dirt_path":34,"amendments:wall_lantern":2,"minecraft:iron_bars":1,"minecraft:spruce_wood":6,"minecraft:spruce_slab":29,"farmersdelight:organic_compost":4,"minecraft:kelp_plant":12,"supplementaries:book_pile":1,"minecraft:smoker":2,"minecraft:clay":22,"minecraft:torch":19,"minecraft:blast_furnace":2,"vinery:red_grape_bush":2,"minecraft:poppy":9,"mcwfences:spruce_highley_gate":2,"supplementaries:wild_flax":5,"farmersdelight:cabbages":80,"minecraft:damaged_anvil":1,"minecraft:glass":2,"minecraft:cobblestone":29,"minecraft:sugar_cane":65,"minecraft:grindstone":2,"minecraft:wall_torch":5,"minecraft:pink_petals":51,"minecraft:seagrass":2,"minecraft:birch_log":109,"minecraft:wheat":323,"minecraft:lilac":17,"minecraft:stone_brick_stairs":9,"minecraft:grass":484,"mcwfences:spruce_pyramid_gate":2,"minecraft:oak_log":9,"mcwwindows:spruce_window2":3,"minecraft:beetroots":141,"minecraft:loom":1,"minecraft:sand":92,"minecraft:dirt":153,"minecraft:zombie_wall_head":2,"minecraft:stonecutter":3,"mcwfences:spruce_picket_fence":43,"minecraft:oak_leaves":140,"farmersdelight:onions":190,"farmersdelight:wild_carrots":10,"minecraft:spruce_fence":1,"minecraft:spruce_leaves":46,"farmersdelight:wild_cabbages":1,"minecraft:kelp":2,"elevatorid:elevator_brown":1,"minecraft:large_fern":6,"minecraft:hay_block":4,"minecraft:oak_trapdoor":2,"minecraft:spruce_sapling":1,"minecraft:furnace":3,"minecraft:carrots":166,"farmersdelight:spruce_cabinet":2,"supplementaries:flax":91,"minecraft:andesite":3,"minecraft:dark_oak_fence_gate":2,"mcwfences:spruce_stockade_fence":9,"minecraft:stripped_spruce_log":5,"minecraft:peony":18,"minecraft:gold_block":2,"minecraft:bookshelf":22,"minecraft:potatoes":94,"minecraft:deepslate_iron_ore":1,"minecraft:vine":16,"minecraft:lantern":7,"minecraft:bamboo":27,"minecraft:stone":174,"supplementaries:flag_white":7,"minecraft:white_wool":140,"minecraft:oak_slab":2,"minecraft:light_gray_carpet":1,"minecraft:scaffolding":119,"minecraft:lily_of_the_valley":4,"minecraft:dandelion":4,"minecraft:oak_fence":1,"minecraft:crafting_table":10,"minecraft:cornflower":4,"minecraft:rose_bush":44,"minecraft:campfire":1,"minecraft:lectern":1,"minecraft:stone_slab":1,"minecraft:tall_grass":62,"minecraft:diorite":12,"farmersdelight:wild_beetroots":3,"minecraft:spruce_stairs":102,"minecraft:purple_bed":8,"minecraft:sweet_berry_bush":1,"minecraft:birch_leaves":6,"minecraft:white_carpet":2,"minecraft:spruce_log":1258,"minecraft:coal_ore":23,"minecraft:cocoa":44,"vinery:jungle_grape_bush_white":1,"minecraft:gravel":12,"minecraft:cobweb":24,"minecraft:mossy_stone_bricks":1,"minecraft:fern":10,"vinery:spruce_wine_rack_mid":3},"minecraft:picked_up":{"vinery:red_grape":9,"minecraft:wheat":309,"minecraft:stone_slab":2,"minecraft:lead":1,"minecraft:enchanted_book":2,"minecraft:stone_brick_stairs":10,"minecraft:brewing_stand":3,"farmersdelight:cutting_board":1,"minecraft:string":51,"minecraft:experience_bottle":3,"minecraft:zombie_head":2,"minecraft:beetroot":129,"minecraft:cobbled_deepslate":10,"farmersdelight:cabbage":80,"minecraft:spruce_planks":53,"supplementaries:flag_white":7,"minecraft:red_dye":1,"minecraft:rose_bush":42,"mcwfences:oak_hedge":2,"farmersdelight:cabbage_seeds":220,"minecraft:furnace":3,"minecraft:stick":419,"farmersdelight:rotten_tomato":8,"minecraft:oak_fence":1,"minecraft:torch":28,"minecraft:spruce_stairs":913,"minecraft:lightning_rod":1,"minecraft:cherry_log":35,"minecraft:diorite":12,"minecraft:vine":14,"supplementaries:flax":88,"minecraft:cauldron":3,"mcwfences:spruce_picket_fence":44,"minecraft:light_gray_bed":1,"minecraft:rotten_flesh":15,"minecraft:tropical_fish":1,"farmersdelight:onion":910,"farmersdelight:tree_bark":5,"mcwfences:spruce_pyramid_gate":2,"supplementaries:antique_ink":1,"supplementaries:ash":6,"minecraft:obsidian":20,"minecraft:iron_bars":1,"minecraft:cod":18,"vinery:apple_log":7,"minecraft:cobblestone":478,"minecraft:birch_log":109,"minecraft:pink_petals":128,"minecraft:cooked_beef":9,"minecraft:feather":1,"minecraft:lilac":17,"farmersdelight:rice":11,"mcwwindows:spruce_window2":3,"minecraft:andesite":3,"minecraft:jungle_log":6,"minecraft:smoker":2,"minecraft:potato":350,"minecraft:flint":3,"supplementaries:flax_seeds":193,"farmersdelight:tomato":196,"minecraft:dirt":1037,"minecraft:lantern":40,"minecraft:name_tag":1,"minecraft:bone":17,"farmersdelight:iron_knife":1,"minecraft:bow":6,"minecraft:stonecutter":3,"minecraft:wheat_seeds":1305,"minecraft:grindstone":2,"minecraft:mossy_stone_bricks":1,"minecraft:fletching_table":1,"minecraft:rabbit":7,"minecraft:glowstone_dust":2,"minecraft:bamboo":429,"vinery:taiga_grape_seeds_white":3,"farmersdelight:spruce_cabinet":2,"minecraft:poisonous_potato":1,"minecraft:sand":82,"minecraft:stripped_spruce_log":9,"minecraft:loom":1,"minecraft:lily_of_the_valley":4,"vinery:spruce_wine_rack_mid":3,"minecraft:iron_hoe":1,"minecraft:diamond":2,"minecraft:spruce_boat":2,"minecraft:granite":15,"minecraft:bone_meal":26,"minecraft:emerald":17,"minecraft:golden_horse_armor":1,"minecraft:bread":120,"minecraft:oak_sapling":1,"minecraft:light_gray_carpet":1,"minecraft:oak_leaves":93,"minecraft:charcoal":8,"sophisticatedbackpacks:gold_backpack":1,"minecraft:cocoa_beans":132,"minecraft:crafting_table":10,"minecraft:azure_bluet":1,"minecraft:clay_ball":88,"vinery:taiga_grapes_white":3,"minecraft:brown_mushroom":2,"minecraft:gold_block":2,"minecraft:shield":5,"minecraft:cornflower":4,"minecraft:oak_trapdoor":2,"minecraft:compass":1,"minecraft:item_frame":2,"minecraft:white_carpet":2,"minecraft:iron_shovel":2,"mcwfences:spruce_stockade_fence":9,"vinery:apple_tree_sapling":3,"minecraft:beef":42,"farmersdelight:straw":127,"minecraft:jungle_sapling":1,"minecraft:poppy":9,"minecraft:light_gray_wool":22,"minecraft:spruce_slab":42,"minecraft:lectern":1,"minecraft:sugar_cane":139,"minecraft:birch_sapling":41,"minecraft:spruce_trapdoor":2,"minecraft:egg":10,"minecraft:raw_iron":10,"minecraft:bowl":1,"minecraft:spruce_fence":1,"sophisticatedbackpacks:backpack":3,"farmersdelight:tomato_seeds":3,"minecraft:carrot":575,"minecraft:redstone":6,"minecraft:arrow":16,"minecraft:stone_shovel":1,"minecraft:beetroot_seeds":373,"minecraft:pumpkin_pie":1,"minecraft:peony":18,"minecraft:shears":4,"minecraft:diamond_boots":1,"vinery:white_grape_seeds":3,"minecraft:hay_block":1,"minecraft:saddle":1,"minecraft:gold_ingot":7,"minecraft:mutton":3,"minecraft:skeleton_skull":1,"minecraft:white_wool":837,"minecraft:oxeye_daisy":1,"farmersdelight:rich_soil":3,"minecraft:salmon":6,"minecraft:leather":13,"minecraft:red_mushroom":1,"vinery:straw_hat":1,"minecraft:oak_log":8,"farmersdelight:skillet":1,"minecraft:white_banner":3,"elevatorid:elevator_brown":1,"farmersdelight:organic_compost":3,"mob_grinding_utils:xp_tap":1,"minecraft:apple":2,"minecraft:stone_bricks":7,"mcwfences:spruce_highley_gate":2,"minecraft:kelp":36,"minecraft:rabbit_hide":2,"minecraft:spruce_wood":8,"minecraft:iron_ingot":22,"minecraft:stone_pickaxe":5,"minecraft:cooked_chicken":3,"minecraft:glass_bottle":2,"minecraft:dark_oak_stairs":1,"minecraft:book":66,"minecraft:scaffolding":274,"minecraft:oak_slab":4,"minecraft:milk_bucket":1,"minecraft:pumpkin":16,"minecraft:sweet_berries":134,"minecraft:dandelion":7,"minecraft:gravel":30,"sophisticatedbackpacks:stack_upgrade_tier_1":1,"minecraft:spruce_sapling":275,"minecraft:blast_furnace":2,"minecraft:white_bed":8,"minecraft:spruce_log":1792,"minecraft:dark_oak_fence_gate":2,"minecraft:leather_helmet":1,"minecraft:purple_bed":9,"minecraft:polished_diorite":1,"minecraft:stone_axe":9,"minecraft:cherry_sapling":32,"minecraft:gray_wool":17,"minecraft:melon_seeds":1,"minecraft:damaged_anvil":1,"minecraft:black_wool":32,"minecraft:coal":23},"minecraft:broken":{"vinery:straw_hat":1,"minecraft:iron_shovel":2,"vinery:winemaker_leggings":1,"minecraft:stone_pickaxe":2,"minecraft:stone_axe":13,"minecraft:stone_shovel":4,"vinery:winemaker_boots":1,"vinery:winemaker_apron":1},"minecraft:custom":{"minecraft:animals_bred":14,"minecraft:interact_with_crafting_table":190,"minecraft:open_barrel":1,"minecraft:leave_game":9,"minecraft:time_since_death":908052,"minecraft:sprint_one_cm":2224392,"minecraft:damage_blocked_by_shield":935,"minecraft:drop":226,"minecraft:talked_to_villager":22,"minecraft:play_time":1688371,"minecraft:deaths":6,"minecraft:interact_with_brewingstand":1,"minecraft:jump":5954,"minecraft:walk_on_water_one_cm":54690,"minecraft:interact_with_furnace":73,"minecraft:traded_with_villager":33,"minecraft:interact_with_loom":8,"minecraft:sleep_in_bed":134,"minecraft:damage_dealt":4830,"minecraft:crouch_one_cm":44707,"minecraft:interact_with_smoker":1,"minecraft:horse_one_cm":68334,"minecraft:interact_with_anvil":2,"minecraft:mob_kills":77,"minecraft:climb_one_cm":143519,"minecraft:walk_one_cm":4074660,"minecraft:raid_win":1,"minecraft:sneak_time":27790,"minecraft:walk_under_water_one_cm":77638,"minecraft:boat_one_cm":598127,"minecraft:interact_with_blast_furnace":2,"minecraft:total_world_time":1688371,"minecraft:raid_trigger":2,"minecraft:interact_with_stonecutter":16,"minecraft:time_since_rest":2508,"minecraft:damage_taken":6425,"minecraft:swim_one_cm":125072,"minecraft:fly_one_cm":281473,"minecraft:open_chest":315,"minecraft:fish_caught":9,"minecraft:fall_one_cm":75644},"minecraft:used":{"mcwfences:spruce_highley_gate":4,"minecraft:iron_shovel":515,"minecraft:spruce_slab":295,"farmersdelight:cabbage_seeds":79,"minecraft:ladder":5,"minecraft:shield":34,"farmersdelight:stove":2,"minecraft:chest":12,"minecraft:iron_sword":71,"minecraft:iron_chestplate":1,"minecraft:lily_of_the_valley":4,"minecraft:mutton":3,"minecraft:cocoa_beans":41,"minecraft:carrot":211,"minecraft:obsidian":10,"minecraft:milk_bucket":3,"minecraft:spruce_boat":2,"minecraft:lava_bucket":1,"farmersdelight:tomato":2,"minecraft:spruce_wood":23,"minecraft:lantern":29,"farmersdelight:rotten_tomato":5,"minecraft:iron_helmet":1,"vinery:straw_hat":2,"minecraft:stone_brick_stairs":143,"minecraft:stone_bricks":17,"farmersdelight:cutting_board":3,"minecraft:bow":243,"minecraft:scaffolding":244,"minecraft:sweet_berries":2,"minecraft:furnace":1,"minecraft:beetroot_seeds":141,"minecraft:potato":131,"farmersdelight:tree_bark":5,"elevatorid:elevator_brown":3,"mcwfences:spruce_pyramid_gate":8,"minecraft:diamond_boots":2,"minecraft:stone_pickaxe":390,"minecraft:sugar_cane":23,"farmersdelight:organic_compost":5,"minecraft:white_wool":609,"minecraft:sand":1,"minecraft:loom":1,"minecraft:shears":182,"minecraft:lightning_rod":1,"sophisticatedbackpacks:backpack":1,"easy_villagers:villager":4,"minecraft:bread":125,"minecraft:lectern":1,"supplementaries:flax_seeds":129,"vinery:cherry_wine":2,"farmersdelight:spruce_cabinet":5,"minecraft:bone_meal":179,"minecraft:experience_bottle":3,"mcwbridges:spruce_log_bridge_stair":10,"minecraft:stone_shovel":653,"minecraft:spruce_planks":414,"minecraft:stone_hoe":25,"minecraft:stick":6,"minecraft:torch":35,"mcwdoors:spruce_bamboo_door":3,"minecraft:dirt":565,"minecraft:white_carpet":5,"minecraft:spruce_stairs":488,"minecraft:spruce_fence":8,"vinery:winemaker_boots":1,"mcwfences:oak_hedge":42,"mcwfences:spruce_picket_fence":492,"minecraft:beef":9,"farmersdelight:cooking_pot":1,"minecraft:light_gray_bed":3,"minecraft:cooked_beef":7,"farmersdelight:tomato_seeds":22,"minecraft:cobbled_deepslate":2,"minecraft:beetroot_soup":1,"sophisticatedbackpacks:gold_backpack":8,"minecraft:iron_leggings":1,"minecraft:wheat_seeds":373,"farmersdelight:iron_knife":367,"minecraft:water_bucket":7,"vinery:spruce_wine_rack_mid":3,"supplementaries:flag_white":8,"farmersdelight:skillet":1,"minecraft:glass_bottle":5,"minecraft:cauldron":1,"minecraft:brown_mushroom":1,"minecraft:fletching_table":1,"minecraft:stonecutter":2,"minecraft:leather_boots":2,"minecraft:crafting_table":14,"farmersdelight:onion":327,"minecraft:vine":14,"mcwtrpdoors:spruce_blossom_trapdoor":8,"minecraft:white_bed":8,"mcwwindows:spruce_window2":65,"minecraft:spruce_log":330,"farmersdelight:hot_cocoa":1,"minecraft:wooden_hoe":8,"minecraft:apple":2,"vinery:winemaker_apron":1,"minecraft:iron_pickaxe":3,"minecraft:leather_helmet":1,"minecraft:spruce_sapling":23,"minecraft:golden_leggings":1,"minecraft:stone_axe":2164,"vinery:winemaker_leggings":1,"minecraft:enchanted_book":1,"minecraft:fishing_rod":19,"minecraft:cobblestone":134,"minecraft:purple_bed":8,"minecraft:white_banner":1,"minecraft:bucket":8,"minecraft:pumpkin_pie":1,"minecraft:dandelion":2,"mcwfences:spruce_stockade_fence":12,"minecraft:splash_potion":1},"minecraft:dropped":{"naturescompass:naturescompass":1,"farmersdelight:iron_knife":1,"minecraft:dark_oak_stairs":1,"minecraft:oak_log":8,"minecraft:cod":2,"minecraft:item_frame":2,"minecraft:flint":2,"minecraft:gold_block":1,"minecraft:dirt":37,"mcwfences:spruce_picket_fence":1,"minecraft:sand":17,"minecraft:gold_ingot":1,"minecraft:gravel":30,"minecraft:stone_axe":3,"minecraft:sugar_cane":1,"minecraft:iron_nugget":3,"minecraft:cobbled_deepslate":4,"minecraft:wheat":1,"farmersdelight:hot_cocoa":1,"minecraft:rotten_flesh":5,"vinery:straw_hat":1,"minecraft:charcoal":2,"minecraft:spruce_wood":1,"minecraft:arrow":1,"minecraft:stone_brick_stairs":3,"minecraft:iron_ingot":14,"minecraft:bread":2,"minecraft:stripped_spruce_log":2,"minecraft:oak_slab":4,"minecraft:wheat_seeds":258,"farmersdelight:skillet":1,"minecraft:oak_fence":1,"minecraft:golden_axe":1,"minecraft:book":1,"minecraft:granite":15,"minecraft:spruce_stairs":12,"mob_grinding_utils:xp_tap":1,"minecraft:stick":6,"minecraft:diorite":12,"minecraft:iron_leggings":1,"minecraft:paper":2,"farmersdelight:rich_soil":3,"minecraft:bucket":1,"minecraft:spruce_sapling":13,"minecraft:dandelion":2,"farmersdelight:rotten_tomato":2,"minecraft:kelp":35,"minecraft:sweet_berries":5,"minecraft:cocoa_beans":4,"mcwdoors:print_bamboo":1,"farmersdelight:cabbage_seeds":11,"minecraft:stone_shovel":2,"minecraft:iron_hoe":1,"farmersdelight:straw":10,"sophisticatedbackpacks:backpack":1,"minecraft:stone_slab":2,"minecraft:filled_map":1,"minecraft:hay_block":1,"supplementaries:rope_arrow":1,"minecraft:spruce_planks":13,"minecraft:purple_bed":1,"minecraft:andesite":3,"minecraft:mossy_stone_bricks":1,"minecraft:bamboo":67,"minecraft:spruce_log":2,"minecraft:bow":1,"minecraft:stone_pickaxe":1},"minecraft:killed_by":{"minecraft:ravager":1,"minecraft:vindicator":2,"minecraft:zombie":2}},"DataVersion":3465}