{"stats":{"minecraft:crafted":{"mcwdoors:print_bamboo":4,"mcwwindows:window_half_bar_base":64,"minecraft:loom":1,"minecraft:stone":112,"sophisticatedbackpacks:crafting_upgrade":1,"supplementaries:flag_white":1,"minecraft:bookshelf":1,"minecraft:glass":64,"vinery:dark_cherry_sapling":1,"vinery:jungle_grapes_white":1,"minecraft:bow":1,"minecraft:chest":3,"minecraft:stone_hoe":1,"minecraft:stone_bricks":14,"minecraft:arrow":4,"minecraft:emerald":28,"minecraft:crafting_table":4,"minecraft:spruce_planks":1448,"farmersdelight:iron_knife":1,"mcwfences:spruce_picket_fence":12,"minecraft:brown_dye":2,"minecraft:red_wool":9,"minecraft:fletching_table":1,"minecraft:gold_block":1,"minecraft:birch_planks":192,"sophisticatedbackpacks:upgrade_base":1,"minecraft:light_gray_bed":2,"farmersdelight:cutting_board":2,"mcwwindows:spruce_window2":64,"minecraft:stone_brick_stairs":3,"minecraft:lectern":1,"minecraft:iron_chestplate":1,"minecraft:paper":15,"minecraft:charcoal":35,"minecraft:yellow_dye":1,"mcwwindows:window_base":62,"minecraft:shield":2,"naturescompass:naturescompass":1,"minecraft:stick":930,"minecraft:light_blue_dye":4,"minecraft:iron_ingot":13,"minecraft:iron_pickaxe":1,"minecraft:gold_ingot":9,"minecraft:light_gray_dye":2,"mcwfences:spruce_highley_gate":2,"vinery:winemaker_apron":1,"vinery:winemaker_leggings":1,"minecraft:shears":2,"minecraft:cherry_planks":32,"minecraft:stone_shovel":6,"minecraft:leather_boots":1,"mcwtrpdoors:print_blossom":4,"vinery:winemaker_boots":1,"minecraft:spruce_fence":27,"mcwfences:spruce_stockade_fence":3,"minecraft:scaffolding":30,"minecraft:cherry_trapdoor":2,"minecraft:spruce_stairs":370,"mcwbridges:spruce_log_bridge_stair":12,"minecraft:ladder":6,"minecraft:spruce_wood":18,"minecraft:spruce_slab":282,"minecraft:stone_pickaxe":2,"mcwdoors:spruce_bamboo_door":2,"minecraft:spruce_boat":1,"sophisticatedbackpacks:iron_backpack":1,"minecraft:cooked_beef":6,"minecraft:red_dye":9,"vinery:cherry_wine":1,"mcwtrpdoors:spruce_blossom_trapdoor":4,"sophisticatedbackpacks:gold_backpack":1,"minecraft:stone_axe":10,"minecraft:enchanted_book":2,"minecraft:bread":16,"minecraft:air":0,"minecraft:jungle_planks":22,"minecraft:blue_dye":4,"mcwbridges:spruce_log_bridge_middle":16,"vinery:straw_hat":1,"minecraft:white_dye":2,"minecraft:brown_wool":2,"minecraft:blue_wool":2,"minecraft:iron_leggings":1,"minecraft:white_bed":2,"minecraft:torch":24,"mcwfences:oak_hedge":56},"minecraft:broken":{"minecraft:stone_pickaxe":1,"minecraft:stone_axe":9,"minecraft:stone_shovel":4},"minecraft:killed":{"minecraft:witch":1,"minecraft:cod":11,"minecraft:skeleton":5,"minecraft:salmon":6,"minecraft:creeper":5,"minecraft:sheep":3,"minecraft:pillager":17,"minecraft:zombie":5,"minecraft:cow":6,"minecraft:vindicator":2,"minecraft:drowned":1,"minecraft:rabbit":7,"minecraft:ravager":1},"minecraft:picked_up":{"vinery:red_grape":9,"minecraft:wheat":43,"minecraft:stone_slab":2,"minecraft:enchanted_book":1,"minecraft:stone_brick_stairs":8,"minecraft:brewing_stand":1,"farmersdelight:cutting_board":1,"minecraft:string":51,"minecraft:experience_bottle":3,"minecraft:cobbled_deepslate":6,"minecraft:spruce_planks":48,"supplementaries:flag_white":7,"minecraft:red_dye":1,"minecraft:rose_bush":42,"mcwfences:oak_hedge":2,"minecraft:stick":330,"minecraft:oak_fence":1,"minecraft:torch":23,"minecraft:spruce_stairs":905,"minecraft:cherry_log":15,"minecraft:diorite":12,"minecraft:vine":13,"supplementaries:flax":2,"minecraft:cauldron":1,"mcwfences:spruce_picket_fence":13,"minecraft:rotten_flesh":13,"farmersdelight:onion":11,"farmersdelight:tree_bark":5,"supplementaries:antique_ink":1,"supplementaries:ash":6,"minecraft:iron_bars":1,"minecraft:cod":11,"vinery:apple_log":7,"minecraft:cobblestone":424,"minecraft:birch_log":109,"minecraft:pink_petals":128,"minecraft:cooked_beef":9,"minecraft:feather":1,"minecraft:lilac":17,"farmersdelight:rice":11,"mcwwindows:spruce_window2":3,"minecraft:andesite":2,"minecraft:jungle_log":6,"minecraft:flint":3,"supplementaries:flax_seeds":10,"minecraft:lantern":37,"farmersdelight:tomato":4,"minecraft:dirt":535,"minecraft:name_tag":1,"minecraft:bone":17,"farmersdelight:iron_knife":1,"minecraft:bow":6,"minecraft:wheat_seeds":470,"minecraft:mossy_stone_bricks":1,"minecraft:glowstone_dust":2,"minecraft:rabbit":7,"minecraft:bamboo":429,"vinery:taiga_grape_seeds_white":3,"minecraft:sand":73,"minecraft:stripped_spruce_log":9,"minecraft:diamond":2,"minecraft:spruce_boat":2,"minecraft:granite":15,"minecraft:bone_meal":2,"minecraft:emerald":17,"minecraft:golden_horse_armor":1,"minecraft:bread":119,"minecraft:oak_sapling":1,"minecraft:light_gray_carpet":1,"minecraft:oak_leaves":93,"minecraft:charcoal":2,"sophisticatedbackpacks:gold_backpack":1,"minecraft:cocoa_beans":7,"minecraft:crafting_table":6,"minecraft:azure_bluet":1,"vinery:taiga_grapes_white":3,"minecraft:brown_mushroom":2,"minecraft:gold_block":2,"minecraft:shield":5,"minecraft:cornflower":4,"minecraft:oak_trapdoor":2,"minecraft:compass":1,"minecraft:item_frame":2,"minecraft:white_carpet":1,"mcwfences:spruce_stockade_fence":9,"vinery:apple_tree_sapling":3,"minecraft:beef":42,"farmersdelight:straw":74,"minecraft:jungle_sapling":1,"minecraft:poppy":9,"minecraft:light_gray_wool":22,"minecraft:spruce_slab":42,"minecraft:sugar_cane":43,"minecraft:birch_sapling":41,"minecraft:raw_iron":10,"minecraft:spruce_fence":1,"sophisticatedbackpacks:backpack":2,"minecraft:carrot":10,"minecraft:redstone":6,"minecraft:arrow":16,"minecraft:beetroot_seeds":3,"minecraft:pumpkin_pie":1,"minecraft:peony":18,"minecraft:shears":4,"minecraft:diamond_boots":1,"vinery:white_grape_seeds":3,"minecraft:hay_block":1,"minecraft:saddle":1,"minecraft:gold_ingot":7,"minecraft:mutton":3,"minecraft:white_wool":825,"minecraft:oxeye_daisy":1,"farmersdelight:rich_soil":3,"minecraft:salmon":5,"minecraft:leather":13,"minecraft:red_mushroom":1,"vinery:straw_hat":1,"minecraft:oak_log":8,"minecraft:white_banner":2,"farmersdelight:organic_compost":1,"mcwfences:spruce_highley_gate":2,"minecraft:apple":2,"minecraft:stone_bricks":7,"minecraft:kelp":35,"minecraft:rabbit_hide":2,"minecraft:spruce_wood":7,"minecraft:iron_ingot":13,"minecraft:stone_pickaxe":5,"minecraft:cooked_chicken":3,"minecraft:dark_oak_stairs":1,"minecraft:book":66,"minecraft:oak_slab":4,"minecraft:scaffolding":237,"minecraft:milk_bucket":1,"minecraft:pumpkin":16,"minecraft:sweet_berries":6,"minecraft:dandelion":6,"minecraft:gravel":24,"minecraft:spruce_sapling":143,"minecraft:white_bed":8,"minecraft:spruce_log":865,"minecraft:dark_oak_fence_gate":2,"minecraft:leather_helmet":1,"minecraft:purple_bed":9,"minecraft:polished_diorite":1,"minecraft:stone_axe":8,"minecraft:cherry_sapling":22,"minecraft:gray_wool":17,"minecraft:melon_seeds":1,"minecraft:black_wool":32,"minecraft:coal":16},"minecraft:killed_by":{"minecraft:ravager":1,"minecraft:vindicator":2,"minecraft:zombie":2},"minecraft:used":{"mcwfences:spruce_highley_gate":4,"minecraft:spruce_slab":283,"minecraft:ladder":5,"minecraft:chest":2,"minecraft:shield":30,"minecraft:iron_sword":71,"minecraft:iron_chestplate":1,"minecraft:mutton":3,"minecraft:carrot":10,"minecraft:milk_bucket":1,"minecraft:spruce_boat":2,"farmersdelight:tomato":2,"minecraft:lantern":21,"minecraft:spruce_wood":20,"minecraft:iron_helmet":1,"vinery:straw_hat":2,"minecraft:stone_brick_stairs":98,"minecraft:stone_bricks":7,"minecraft:bow":204,"farmersdelight:cutting_board":2,"minecraft:sweet_berries":1,"minecraft:scaffolding":209,"minecraft:potato":21,"farmersdelight:tree_bark":5,"minecraft:diamond_boots":2,"minecraft:stone_pickaxe":268,"minecraft:sugar_cane":20,"minecraft:white_wool":518,"minecraft:sand":1,"minecraft:loom":1,"minecraft:shears":181,"easy_villagers:villager":4,"minecraft:bread":81,"minecraft:lectern":1,"supplementaries:flax_seeds":10,"vinery:cherry_wine":2,"minecraft:experience_bottle":3,"mcwbridges:spruce_log_bridge_stair":10,"minecraft:stone_shovel":610,"minecraft:spruce_planks":370,"minecraft:stone_hoe":25,"minecraft:torch":34,"mcwdoors:spruce_bamboo_door":2,"minecraft:dirt":246,"minecraft:spruce_stairs":404,"minecraft:spruce_fence":8,"vinery:winemaker_boots":1,"mcwfences:oak_hedge":42,"mcwfences:spruce_picket_fence":25,"minecraft:beef":9,"minecraft:cooked_beef":5,"farmersdelight:tomato_seeds":2,"minecraft:cobbled_deepslate":2,"minecraft:light_gray_bed":2,"minecraft:beetroot_soup":1,"sophisticatedbackpacks:gold_backpack":4,"minecraft:iron_leggings":1,"minecraft:wheat_seeds":81,"farmersdelight:iron_knife":106,"minecraft:water_bucket":7,"supplementaries:flag_white":8,"minecraft:fletching_table":1,"minecraft:leather_boots":2,"farmersdelight:onion":33,"minecraft:vine":13,"minecraft:crafting_table":8,"mcwtrpdoors:spruce_blossom_trapdoor":4,"minecraft:white_bed":8,"minecraft:spruce_log":233,"mcwwindows:spruce_window2":65,"minecraft:apple":2,"vinery:winemaker_apron":1,"minecraft:iron_pickaxe":3,"minecraft:leather_helmet":1,"minecraft:golden_leggings":1,"minecraft:stone_axe":1454,"vinery:winemaker_leggings":1,"minecraft:enchanted_book":1,"minecraft:cobblestone":134,"minecraft:purple_bed":8,"minecraft:white_banner":1,"minecraft:bucket":7,"minecraft:pumpkin_pie":1,"mcwfences:spruce_stockade_fence":12,"minecraft:dandelion":2,"minecraft:splash_potion":1},"minecraft:mined":{"minecraft:spruce_planks":22,"minecraft:white_bed":8,"farmersdelight:rich_soil":3,"minecraft:cherry_log":15,"minecraft:jungle_leaves":2,"minecraft:brewing_stand":1,"minecraft:granite":15,"minecraft:grass_block":454,"mcwfences:oak_hedge":2,"minecraft:jungle_log":6,"minecraft:polished_diorite":1,"minecraft:oxeye_daisy":1,"vinery:apple_log":7,"minecraft:tall_seagrass":1,"farmersdelight:wild_rice":11,"minecraft:iron_ore":9,"minecraft:cobbled_deepslate":6,"minecraft:fire":5,"minecraft:pumpkin":16,"minecraft:azure_bluet":1,"minecraft:dark_oak_stairs":1,"vinery:taiga_grape_bush_white":1,"minecraft:water_cauldron":1,"minecraft:dirt_path":34,"amendments:wall_lantern":2,"minecraft:iron_bars":1,"minecraft:spruce_wood":6,"minecraft:spruce_slab":29,"farmersdelight:organic_compost":2,"minecraft:kelp_plant":12,"minecraft:torch":15,"vinery:red_grape_bush":2,"minecraft:poppy":9,"mcwfences:spruce_highley_gate":2,"supplementaries:wild_flax":5,"minecraft:glass":2,"minecraft:cobblestone":15,"minecraft:sugar_cane":16,"minecraft:wall_torch":4,"minecraft:pink_petals":51,"minecraft:seagrass":2,"minecraft:birch_log":109,"minecraft:wheat":54,"minecraft:lilac":17,"minecraft:stone_brick_stairs":8,"minecraft:grass":195,"minecraft:oak_log":9,"mcwwindows:spruce_window2":3,"minecraft:sand":69,"minecraft:dirt":48,"mcwfences:spruce_picket_fence":13,"minecraft:oak_leaves":131,"farmersdelight:onions":1,"farmersdelight:wild_carrots":10,"minecraft:spruce_fence":1,"minecraft:spruce_leaves":30,"farmersdelight:wild_cabbages":1,"minecraft:kelp":1,"minecraft:large_fern":1,"minecraft:hay_block":4,"minecraft:oak_trapdoor":2,"supplementaries:flax":3,"minecraft:andesite":2,"mcwfences:spruce_stockade_fence":9,"minecraft:dark_oak_fence_gate":2,"minecraft:stripped_spruce_log":5,"minecraft:peony":18,"minecraft:gold_block":2,"minecraft:bookshelf":22,"minecraft:deepslate_iron_ore":1,"minecraft:vine":15,"minecraft:lantern":4,"minecraft:bamboo":27,"minecraft:stone":138,"supplementaries:flag_white":7,"minecraft:white_wool":137,"minecraft:oak_slab":2,"minecraft:light_gray_carpet":1,"minecraft:scaffolding":100,"minecraft:dandelion":3,"minecraft:oak_fence":1,"minecraft:crafting_table":6,"minecraft:cornflower":4,"minecraft:rose_bush":44,"minecraft:campfire":1,"minecraft:stone_slab":1,"minecraft:tall_grass":20,"minecraft:diorite":12,"minecraft:spruce_stairs":95,"farmersdelight:wild_beetroots":3,"minecraft:purple_bed":8,"minecraft:birch_leaves":6,"minecraft:white_carpet":1,"minecraft:spruce_log":707,"minecraft:coal_ore":16,"minecraft:cocoa":3,"vinery:jungle_grape_bush_white":1,"minecraft:gravel":12,"minecraft:cobweb":24,"minecraft:mossy_stone_bricks":1,"minecraft:fern":9},"minecraft:custom":{"minecraft:animals_bred":1,"minecraft:interact_with_crafting_table":111,"minecraft:open_barrel":1,"minecraft:leave_game":6,"minecraft:time_since_death":369324,"minecraft:sprint_one_cm":1356207,"minecraft:damage_blocked_by_shield":835,"minecraft:drop":94,"minecraft:talked_to_villager":21,"minecraft:play_time":1149643,"minecraft:deaths":6,"minecraft:interact_with_brewingstand":1,"minecraft:jump":4110,"minecraft:walk_on_water_one_cm":47477,"minecraft:interact_with_furnace":40,"minecraft:traded_with_villager":33,"minecraft:interact_with_loom":8,"minecraft:sleep_in_bed":91,"minecraft:damage_dealt":4629,"minecraft:crouch_one_cm":36779,"minecraft:interact_with_smoker":1,"minecraft:horse_one_cm":68334,"minecraft:interact_with_anvil":2,"minecraft:mob_kills":71,"minecraft:climb_one_cm":118766,"minecraft:walk_one_cm":2381207,"minecraft:raid_win":1,"minecraft:sneak_time":23279,"minecraft:walk_under_water_one_cm":69616,"minecraft:boat_one_cm":598127,"minecraft:interact_with_blast_furnace":2,"minecraft:total_world_time":1149643,"minecraft:raid_trigger":2,"minecraft:interact_with_stonecutter":4,"minecraft:time_since_rest":11677,"minecraft:damage_taken":5217,"minecraft:swim_one_cm":110896,"minecraft:fly_one_cm":183453,"minecraft:open_chest":194,"minecraft:fall_one_cm":54054},"minecraft:dropped":{"naturescompass:naturescompass":1,"farmersdelight:iron_knife":1,"minecraft:dark_oak_stairs":1,"minecraft:oak_log":8,"minecraft:cod":2,"minecraft:item_frame":2,"minecraft:flint":2,"minecraft:gold_block":1,"minecraft:dirt":21,"minecraft:sand":1,"minecraft:gold_ingot":1,"minecraft:gravel":12,"minecraft:stone_axe":1,"minecraft:wheat":1,"minecraft:rotten_flesh":4,"vinery:straw_hat":1,"minecraft:charcoal":2,"minecraft:arrow":1,"minecraft:iron_ingot":14,"minecraft:bread":1,"minecraft:stripped_spruce_log":2,"minecraft:wheat_seeds":11,"minecraft:oak_fence":1,"minecraft:golden_axe":1,"minecraft:book":1,"minecraft:granite":15,"minecraft:spruce_stairs":11,"minecraft:diorite":12,"minecraft:iron_leggings":1,"farmersdelight:rich_soil":3,"minecraft:bucket":1,"minecraft:spruce_sapling":1,"minecraft:dandelion":2,"minecraft:kelp":35,"minecraft:stone_shovel":1,"minecraft:stone_slab":2,"farmersdelight:straw":10,"minecraft:filled_map":1,"minecraft:hay_block":1,"minecraft:spruce_planks":4,"minecraft:andesite":2,"minecraft:purple_bed":1,"minecraft:mossy_stone_bricks":1,"minecraft:bamboo":64,"minecraft:spruce_log":2,"minecraft:bow":1,"minecraft:stone_pickaxe":1}},"DataVersion":3465}