{"stats":{"minecraft:broken":{"minecraft:stone_pickaxe":1,"minecraft:stone_axe":8,"minecraft:stone_shovel":4},"minecraft:crafted":{"mcwdoors:print_bamboo":4,"mcwwindows:window_half_bar_base":64,"minecraft:stone":112,"sophisticatedbackpacks:crafting_upgrade":1,"minecraft:bookshelf":1,"minecraft:glass":64,"vinery:dark_cherry_sapling":1,"vinery:jungle_grapes_white":1,"minecraft:bow":1,"minecraft:chest":3,"minecraft:stone_bricks":14,"minecraft:arrow":4,"minecraft:emerald":28,"minecraft:crafting_table":4,"minecraft:spruce_planks":1284,"minecraft:brown_dye":2,"minecraft:red_wool":9,"minecraft:gold_block":1,"minecraft:fletching_table":1,"minecraft:birch_planks":192,"sophisticatedbackpacks:upgrade_base":1,"farmersdelight:cutting_board":2,"mcwwindows:spruce_window2":64,"minecraft:stone_brick_stairs":3,"minecraft:lectern":1,"minecraft:paper":15,"minecraft:iron_chestplate":1,"mcwwindows:window_base":62,"minecraft:charcoal":35,"minecraft:shield":2,"naturescompass:naturescompass":1,"minecraft:stick":906,"minecraft:iron_ingot":13,"minecraft:iron_pickaxe":1,"minecraft:gold_ingot":9,"vinery:winemaker_apron":1,"vinery:winemaker_leggings":1,"minecraft:shears":2,"minecraft:stone_shovel":6,"minecraft:leather_boots":1,"vinery:winemaker_boots":1,"minecraft:spruce_fence":12,"minecraft:scaffolding":30,"minecraft:spruce_stairs":330,"mcwbridges:spruce_log_bridge_stair":12,"minecraft:ladder":6,"minecraft:spruce_wood":18,"minecraft:spruce_slab":162,"minecraft:stone_pickaxe":2,"mcwdoors:spruce_bamboo_door":2,"minecraft:spruce_boat":1,"sophisticatedbackpacks:iron_backpack":1,"minecraft:cooked_beef":6,"minecraft:red_dye":9,"sophisticatedbackpacks:gold_backpack":1,"minecraft:stone_axe":10,"minecraft:enchanted_book":2,"minecraft:bread":16,"minecraft:air":0,"minecraft:jungle_planks":22,"minecraft:blue_dye":2,"mcwbridges:spruce_log_bridge_middle":16,"vinery:straw_hat":1,"minecraft:brown_wool":2,"minecraft:blue_wool":2,"minecraft:iron_leggings":1,"minecraft:white_bed":1,"minecraft:torch":24},"minecraft:custom":{"minecraft:animals_bred":1,"minecraft:interact_with_crafting_table":88,"minecraft:open_barrel":1,"minecraft:leave_game":5,"minecraft:time_since_death":167288,"minecraft:sprint_one_cm":1154670,"minecraft:damage_blocked_by_shield":835,"minecraft:drop":66,"minecraft:talked_to_villager":19,"minecraft:play_time":947607,"minecraft:deaths":6,"minecraft:jump":3367,"minecraft:interact_with_brewingstand":1,"minecraft:walk_on_water_one_cm":43607,"minecraft:interact_with_furnace":40,"minecraft:traded_with_villager":32,"minecraft:sleep_in_bed":75,"minecraft:damage_dealt":4629,"minecraft:crouch_one_cm":35335,"minecraft:interact_with_smoker":1,"minecraft:horse_one_cm":68334,"minecraft:mob_kills":70,"minecraft:interact_with_anvil":2,"minecraft:climb_one_cm":80450,"minecraft:walk_one_cm":1741075,"minecraft:raid_win":1,"minecraft:sneak_time":20963,"minecraft:walk_under_water_one_cm":68912,"minecraft:boat_one_cm":502502,"minecraft:interact_with_blast_furnace":2,"minecraft:total_world_time":947607,"minecraft:raid_trigger":2,"minecraft:interact_with_stonecutter":4,"minecraft:time_since_rest":3643,"minecraft:damage_taken":4857,"minecraft:swim_one_cm":107865,"minecraft:fly_one_cm":163129,"minecraft:open_chest":162,"minecraft:fall_one_cm":42117},"minecraft:killed_by":{"minecraft:ravager":1,"minecraft:vindicator":2,"minecraft:zombie":2},"minecraft:killed":{"minecraft:witch":1,"minecraft:cod":11,"minecraft:skeleton":5,"minecraft:salmon":6,"minecraft:creeper":4,"minecraft:sheep":3,"minecraft:pillager":17,"minecraft:zombie":5,"minecraft:cow":6,"minecraft:vindicator":2,"minecraft:drowned":1,"minecraft:rabbit":7,"minecraft:ravager":1},"minecraft:dropped":{"naturescompass:naturescompass":1,"minecraft:dark_oak_stairs":1,"minecraft:oak_log":8,"minecraft:item_frame":2,"minecraft:cod":2,"minecraft:flint":2,"minecraft:gold_block":1,"minecraft:dirt":21,"minecraft:sand":1,"minecraft:gold_ingot":1,"minecraft:gravel":12,"minecraft:stone_axe":1,"minecraft:wheat":1,"minecraft:rotten_flesh":4,"vinery:straw_hat":1,"minecraft:charcoal":2,"minecraft:arrow":1,"minecraft:iron_ingot":14,"minecraft:stripped_spruce_log":2,"minecraft:wheat_seeds":10,"minecraft:oak_fence":1,"minecraft:golden_axe":1,"minecraft:book":1,"minecraft:granite":15,"minecraft:diorite":12,"minecraft:iron_leggings":1,"minecraft:bucket":1,"minecraft:spruce_sapling":1,"minecraft:dandelion":2,"minecraft:kelp":35,"minecraft:stone_shovel":1,"minecraft:stone_slab":2,"minecraft:filled_map":1,"minecraft:hay_block":1,"minecraft:spruce_planks":4,"minecraft:andesite":2,"minecraft:mossy_stone_bricks":1,"minecraft:purple_bed":1,"minecraft:bamboo":64,"minecraft:spruce_log":1,"minecraft:bow":1,"minecraft:stone_pickaxe":1},"minecraft:picked_up":{"minecraft:wheat":43,"vinery:red_grape":9,"minecraft:stone_slab":2,"minecraft:enchanted_book":1,"minecraft:stone_brick_stairs":8,"minecraft:brewing_stand":1,"minecraft:string":51,"minecraft:experience_bottle":3,"minecraft:cobbled_deepslate":6,"minecraft:spruce_planks":45,"minecraft:red_dye":1,"minecraft:stick":320,"minecraft:oak_fence":1,"minecraft:spruce_stairs":857,"minecraft:torch":11,"minecraft:diorite":12,"minecraft:cauldron":1,"minecraft:rotten_flesh":13,"farmersdelight:tree_bark":5,"farmersdelight:onion":10,"supplementaries:antique_ink":1,"supplementaries:ash":6,"minecraft:cod":11,"minecraft:iron_bars":1,"vinery:apple_log":7,"minecraft:cobblestone":424,"minecraft:birch_log":109,"minecraft:cooked_beef":9,"minecraft:feather":1,"farmersdelight:rice":11,"mcwwindows:spruce_window2":3,"minecraft:andesite":2,"minecraft:jungle_log":6,"minecraft:flint":3,"supplementaries:flax_seeds":5,"minecraft:lantern":3,"farmersdelight:tomato":4,"minecraft:dirt":505,"minecraft:name_tag":1,"minecraft:bone":17,"minecraft:bow":6,"minecraft:wheat_seeds":438,"minecraft:glowstone_dust":2,"minecraft:rabbit":7,"minecraft:mossy_stone_bricks":1,"minecraft:bamboo":429,"vinery:taiga_grape_seeds_white":3,"minecraft:sand":73,"minecraft:stripped_spruce_log":9,"minecraft:diamond":2,"minecraft:granite":15,"minecraft:bone_meal":2,"minecraft:emerald":17,"minecraft:golden_horse_armor":1,"minecraft:bread":118,"minecraft:light_gray_carpet":1,"minecraft:oak_leaves":26,"minecraft:cocoa_beans":7,"minecraft:charcoal":2,"minecraft:crafting_table":5,"vinery:taiga_grapes_white":3,"minecraft:brown_mushroom":2,"minecraft:gold_block":2,"minecraft:shield":5,"minecraft:cornflower":2,"minecraft:oak_trapdoor":2,"minecraft:white_carpet":1,"minecraft:item_frame":2,"minecraft:compass":1,"vinery:apple_tree_sapling":3,"minecraft:beef":42,"minecraft:jungle_sapling":1,"minecraft:poppy":9,"minecraft:spruce_slab":16,"minecraft:light_gray_wool":22,"minecraft:sugar_cane":23,"minecraft:birch_sapling":41,"minecraft:raw_iron":10,"sophisticatedbackpacks:backpack":1,"minecraft:spruce_fence":1,"minecraft:carrot":10,"minecraft:redstone":6,"minecraft:arrow":16,"minecraft:beetroot_seeds":3,"minecraft:pumpkin_pie":1,"minecraft:shears":4,"minecraft:diamond_boots":1,"vinery:white_grape_seeds":3,"minecraft:hay_block":1,"minecraft:saddle":1,"minecraft:gold_ingot":7,"minecraft:mutton":3,"minecraft:white_wool":812,"farmersdelight:rich_soil":3,"minecraft:salmon":5,"minecraft:leather":13,"minecraft:red_mushroom":1,"vinery:straw_hat":1,"minecraft:oak_log":8,"minecraft:white_banner":2,"farmersdelight:organic_compost":1,"minecraft:apple":2,"minecraft:stone_bricks":7,"minecraft:kelp":35,"minecraft:rabbit_hide":2,"minecraft:spruce_wood":7,"minecraft:iron_ingot":13,"minecraft:stone_pickaxe":5,"minecraft:cooked_chicken":3,"minecraft:dark_oak_stairs":1,"minecraft:oak_slab":4,"minecraft:book":66,"minecraft:scaffolding":167,"minecraft:milk_bucket":1,"minecraft:pumpkin":16,"minecraft:sweet_berries":6,"minecraft:dandelion":4,"minecraft:gravel":24,"minecraft:spruce_log":863,"minecraft:spruce_sapling":143,"minecraft:white_bed":6,"minecraft:dark_oak_fence_gate":2,"minecraft:leather_helmet":1,"minecraft:purple_bed":9,"minecraft:polished_diorite":1,"minecraft:stone_axe":8,"minecraft:gray_wool":17,"minecraft:black_wool":32,"minecraft:melon_seeds":1,"minecraft:coal":16},"minecraft:used":{"minecraft:spruce_slab":154,"minecraft:ladder":5,"minecraft:chest":2,"minecraft:shield":30,"minecraft:iron_sword":71,"minecraft:iron_chestplate":1,"minecraft:mutton":3,"minecraft:milk_bucket":1,"minecraft:spruce_boat":1,"farmersdelight:tomato":2,"minecraft:spruce_wood":20,"minecraft:iron_helmet":1,"vinery:straw_hat":2,"minecraft:stone_brick_stairs":98,"minecraft:stone_bricks":7,"farmersdelight:cutting_board":2,"minecraft:bow":194,"minecraft:sweet_berries":1,"minecraft:scaffolding":137,"minecraft:diamond_boots":2,"minecraft:stone_pickaxe":264,"minecraft:white_wool":516,"minecraft:sand":1,"minecraft:shears":81,"easy_villagers:villager":4,"minecraft:bread":70,"minecraft:lectern":1,"minecraft:experience_bottle":3,"mcwbridges:spruce_log_bridge_stair":10,"minecraft:stone_shovel":610,"minecraft:spruce_planks":365,"minecraft:torch":25,"mcwdoors:spruce_bamboo_door":2,"minecraft:dirt":216,"minecraft:spruce_stairs":299,"vinery:winemaker_boots":1,"minecraft:beef":9,"minecraft:cooked_beef":5,"minecraft:cobbled_deepslate":2,"minecraft:beetroot_soup":1,"minecraft:iron_leggings":1,"sophisticatedbackpacks:gold_backpack":1,"minecraft:water_bucket":7,"minecraft:fletching_table":1,"minecraft:leather_boots":2,"minecraft:crafting_table":7,"minecraft:white_bed":7,"mcwwindows:spruce_window2":61,"minecraft:spruce_log":221,"minecraft:apple":2,"vinery:winemaker_apron":1,"minecraft:iron_pickaxe":3,"minecraft:leather_helmet":1,"minecraft:golden_leggings":1,"minecraft:stone_axe":1273,"vinery:winemaker_leggings":1,"minecraft:enchanted_book":1,"minecraft:cobblestone":134,"minecraft:purple_bed":8,"minecraft:white_banner":1,"minecraft:bucket":7,"minecraft:pumpkin_pie":1,"minecraft:dandelion":2,"minecraft:splash_potion":1},"minecraft:mined":{"minecraft:spruce_planks":19,"minecraft:white_bed":6,"farmersdelight:rich_soil":3,"minecraft:jungle_leaves":2,"minecraft:brewing_stand":1,"minecraft:granite":15,"minecraft:grass_block":425,"minecraft:jungle_log":6,"minecraft:polished_diorite":1,"vinery:apple_log":7,"minecraft:tall_seagrass":1,"farmersdelight:wild_rice":11,"minecraft:iron_ore":9,"minecraft:cobbled_deepslate":6,"minecraft:fire":5,"minecraft:pumpkin":16,"minecraft:dark_oak_stairs":1,"vinery:taiga_grape_bush_white":1,"minecraft:water_cauldron":1,"minecraft:dirt_path":34,"minecraft:iron_bars":1,"minecraft:spruce_wood":6,"minecraft:spruce_slab":11,"farmersdelight:organic_compost":2,"minecraft:kelp_plant":12,"minecraft:torch":5,"vinery:red_grape_bush":2,"minecraft:poppy":9,"supplementaries:wild_flax":5,"minecraft:glass":2,"minecraft:cobblestone":15,"minecraft:sugar_cane":2,"minecraft:wall_torch":2,"minecraft:seagrass":2,"minecraft:birch_log":109,"minecraft:wheat":45,"minecraft:stone_brick_stairs":8,"minecraft:grass":66,"minecraft:oak_log":9,"mcwwindows:spruce_window2":3,"minecraft:sand":69,"minecraft:dirt":47,"minecraft:oak_leaves":42,"farmersdelight:wild_carrots":10,"minecraft:spruce_fence":1,"farmersdelight:wild_cabbages":1,"minecraft:spruce_leaves":30,"minecraft:kelp":1,"minecraft:large_fern":1,"minecraft:hay_block":4,"minecraft:oak_trapdoor":2,"minecraft:dark_oak_fence_gate":2,"minecraft:andesite":2,"minecraft:stripped_spruce_log":5,"minecraft:gold_block":2,"minecraft:bookshelf":22,"minecraft:deepslate_iron_ore":1,"minecraft:vine":1,"minecraft:lantern":2,"minecraft:bamboo":27,"minecraft:stone":138,"minecraft:white_wool":120,"minecraft:oak_slab":2,"minecraft:light_gray_carpet":1,"minecraft:scaffolding":73,"minecraft:dandelion":2,"minecraft:oak_fence":1,"minecraft:crafting_table":5,"minecraft:cornflower":2,"minecraft:campfire":1,"minecraft:stone_slab":1,"minecraft:tall_grass":8,"minecraft:diorite":12,"minecraft:spruce_stairs":53,"farmersdelight:wild_beetroots":3,"minecraft:purple_bed":8,"minecraft:white_carpet":1,"minecraft:spruce_log":706,"minecraft:birch_leaves":5,"minecraft:coal_ore":16,"minecraft:cocoa":3,"minecraft:gravel":12,"minecraft:cobweb":24,"minecraft:mossy_stone_bricks":1,"minecraft:fern":9}},"DataVersion":3465}