{"stats":{"minecraft:broken":{"minecraft:stone_pickaxe":1,"minecraft:stone_axe":6,"minecraft:stone_shovel":4},"minecraft:crafted":{"minecraft:stone_shovel":5,"minecraft:leather_boots":1,"minecraft:stone":112,"sophisticatedbackpacks:crafting_upgrade":1,"minecraft:bookshelf":1,"minecraft:scaffolding":30,"minecraft:spruce_stairs":330,"minecraft:bow":1,"minecraft:spruce_wood":9,"minecraft:ladder":6,"minecraft:spruce_slab":132,"minecraft:stone_pickaxe":2,"minecraft:chest":3,"minecraft:spruce_boat":1,"minecraft:stone_bricks":14,"sophisticatedbackpacks:iron_backpack":1,"minecraft:cooked_beef":2,"minecraft:arrow":4,"minecraft:emerald":28,"minecraft:crafting_table":3,"minecraft:spruce_planks":1100,"sophisticatedbackpacks:gold_backpack":1,"minecraft:fletching_table":1,"minecraft:gold_block":1,"minecraft:birch_planks":170,"minecraft:stone_axe":8,"sophisticatedbackpacks:upgrade_base":1,"minecraft:enchanted_book":2,"minecraft:bread":16,"minecraft:air":0,"farmersdelight:cutting_board":1,"minecraft:stone_brick_stairs":3,"minecraft:charcoal":2,"minecraft:lectern":1,"minecraft:iron_chestplate":1,"minecraft:shield":2,"naturescompass:naturescompass":1,"minecraft:stick":810,"minecraft:iron_ingot":12,"minecraft:iron_pickaxe":1,"minecraft:iron_leggings":1,"minecraft:gold_ingot":9,"minecraft:white_bed":1,"minecraft:torch":12,"minecraft:shears":2},"minecraft:custom":{"minecraft:interact_with_anvil":2,"minecraft:mob_kills":58,"minecraft:animals_bred":1,"minecraft:interact_with_crafting_table":49,"minecraft:open_barrel":1,"minecraft:leave_game":3,"minecraft:time_since_death":39021,"minecraft:climb_one_cm":47157,"minecraft:sprint_one_cm":878467,"minecraft:walk_one_cm":1268047,"minecraft:damage_blocked_by_shield":745,"minecraft:drop":62,"minecraft:raid_win":1,"minecraft:talked_to_villager":17,"minecraft:play_time":690148,"minecraft:sneak_time":18954,"minecraft:deaths":5,"minecraft:walk_under_water_one_cm":67355,"minecraft:boat_one_cm":502502,"minecraft:interact_with_brewingstand":1,"minecraft:jump":2616,"minecraft:interact_with_blast_furnace":1,"minecraft:walk_on_water_one_cm":39587,"minecraft:total_world_time":690148,"minecraft:interact_with_furnace":25,"minecraft:traded_with_villager":30,"minecraft:raid_trigger":2,"minecraft:interact_with_stonecutter":3,"minecraft:sleep_in_bed":55,"minecraft:time_since_rest":29294,"minecraft:damage_taken":4182,"minecraft:damage_dealt":3981,"minecraft:swim_one_cm":104929,"minecraft:fly_one_cm":120703,"minecraft:open_chest":143,"minecraft:crouch_one_cm":32009,"minecraft:interact_with_smoker":1,"minecraft:fall_one_cm":34239},"minecraft:killed_by":{"minecraft:ravager":1,"minecraft:vindicator":2,"minecraft:zombie":1},"minecraft:killed":{"minecraft:witch":1,"minecraft:vindicator":2,"minecraft:cod":11,"minecraft:skeleton":2,"minecraft:drowned":1,"minecraft:salmon":6,"minecraft:ravager":1,"minecraft:creeper":3,"minecraft:sheep":3,"minecraft:pillager":17,"minecraft:zombie":4,"minecraft:cow":6},"minecraft:dropped":{"naturescompass:naturescompass":1,"minecraft:iron_ingot":14,"minecraft:stripped_spruce_log":2,"minecraft:dark_oak_stairs":1,"minecraft:wheat_seeds":10,"minecraft:oak_fence":1,"minecraft:golden_axe":1,"minecraft:book":1,"minecraft:granite":15,"minecraft:cod":2,"minecraft:item_frame":2,"minecraft:flint":2,"minecraft:gold_block":1,"minecraft:dirt":21,"minecraft:diorite":12,"minecraft:sand":1,"minecraft:iron_leggings":1,"minecraft:bucket":1,"minecraft:gold_ingot":1,"minecraft:spruce_sapling":1,"minecraft:dandelion":2,"minecraft:gravel":12,"minecraft:stone_axe":1,"minecraft:kelp":35,"minecraft:stone_shovel":1,"minecraft:rotten_flesh":4,"minecraft:stone_slab":2,"minecraft:filled_map":1,"minecraft:hay_block":1,"minecraft:spruce_planks":4,"minecraft:charcoal":2,"minecraft:andesite":2,"minecraft:purple_bed":1,"minecraft:mossy_stone_bricks":1,"minecraft:arrow":1,"minecraft:spruce_log":1,"minecraft:bow":1,"minecraft:stone_pickaxe":1},"minecraft:picked_up":{"minecraft:charcoal":2,"minecraft:crafting_table":4,"vinery:red_grape":9,"minecraft:wheat":40,"vinery:taiga_grapes_white":3,"minecraft:brown_mushroom":2,"minecraft:stone_slab":2,"minecraft:gold_block":2,"minecraft:enchanted_book":1,"minecraft:stone_brick_stairs":8,"minecraft:brewing_stand":1,"minecraft:shield":4,"minecraft:oak_trapdoor":2,"minecraft:string":51,"minecraft:compass":1,"minecraft:item_frame":2,"minecraft:white_carpet":1,"minecraft:experience_bottle":3,"minecraft:cobbled_deepslate":2,"vinery:apple_tree_sapling":3,"minecraft:spruce_planks":10,"minecraft:beef":42,"minecraft:light_gray_wool":22,"minecraft:spruce_slab":2,"minecraft:sugar_cane":5,"minecraft:birch_sapling":25,"minecraft:raw_iron":10,"minecraft:stick":246,"minecraft:spruce_stairs":764,"minecraft:oak_fence":1,"minecraft:torch":10,"minecraft:spruce_fence":1,"sophisticatedbackpacks:backpack":1,"minecraft:diorite":12,"minecraft:carrot":10,"minecraft:cauldron":1,"minecraft:shears":3,"minecraft:arrow":14,"minecraft:rotten_flesh":10,"minecraft:beetroot_seeds":3,"minecraft:pumpkin_pie":1,"farmersdelight:onion":10,"minecraft:hay_block":1,"minecraft:diamond_boots":1,"vinery:white_grape_seeds":3,"supplementaries:antique_ink":1,"minecraft:saddle":1,"minecraft:gold_ingot":7,"supplementaries:ash":5,"minecraft:mutton":3,"minecraft:iron_bars":1,"minecraft:cod":11,"vinery:apple_log":7,"minecraft:white_wool":672,"minecraft:cobblestone":421,"minecraft:birch_log":75,"farmersdelight:rich_soil":3,"minecraft:feather":1,"minecraft:cooked_beef":7,"farmersdelight:rice":5,"minecraft:salmon":5,"minecraft:andesite":2,"minecraft:leather":13,"minecraft:red_mushroom":1,"minecraft:flint":3,"supplementaries:flax_seeds":5,"farmersdelight:tomato":4,"minecraft:dirt":505,"minecraft:lantern":3,"minecraft:white_banner":2,"minecraft:name_tag":1,"farmersdelight:organic_compost":1,"minecraft:stone_bricks":5,"minecraft:bone":5,"minecraft:apple":2,"minecraft:kelp":35,"minecraft:bow":5,"minecraft:wheat_seeds":348,"minecraft:spruce_wood":4,"minecraft:iron_ingot":13,"minecraft:stone_pickaxe":4,"minecraft:cooked_chicken":3,"minecraft:glowstone_dust":2,"minecraft:mossy_stone_bricks":1,"minecraft:bamboo":365,"minecraft:dark_oak_stairs":1,"minecraft:book":66,"minecraft:scaffolding":94,"minecraft:oak_slab":4,"minecraft:milk_bucket":1,"vinery:taiga_grape_seeds_white":3,"minecraft:pumpkin":16,"minecraft:sweet_berries":6,"minecraft:dandelion":4,"minecraft:gravel":24,"minecraft:sand":9,"minecraft:stripped_spruce_log":2,"minecraft:spruce_sapling":143,"minecraft:white_bed":6,"minecraft:spruce_log":810,"minecraft:dark_oak_fence_gate":2,"minecraft:leather_helmet":1,"minecraft:purple_bed":9,"minecraft:diamond":2,"minecraft:polished_diorite":1,"minecraft:stone_axe":8,"minecraft:granite":15,"minecraft:bone_meal":2,"minecraft:gray_wool":17,"minecraft:emerald":7,"minecraft:golden_horse_armor":1,"minecraft:bread":9,"minecraft:melon_seeds":1,"minecraft:light_gray_carpet":1,"minecraft:black_wool":32,"minecraft:coal":16},"minecraft:used":{"minecraft:spruce_slab":128,"minecraft:stone_shovel":546,"minecraft:ladder":5,"minecraft:chest":2,"minecraft:spruce_planks":205,"minecraft:shield":27,"minecraft:iron_sword":71,"minecraft:torch":21,"minecraft:iron_chestplate":1,"minecraft:dirt":216,"minecraft:mutton":3,"minecraft:milk_bucket":1,"minecraft:spruce_boat":1,"farmersdelight:tomato":2,"minecraft:spruce_wood":10,"minecraft:iron_helmet":1,"minecraft:beef":9,"minecraft:stone_brick_stairs":98,"minecraft:stone_bricks":7,"minecraft:sweet_berries":1,"farmersdelight:cutting_board":1,"minecraft:bow":155,"minecraft:scaffolding":100,"minecraft:cooked_beef":3,"minecraft:beetroot_soup":1,"minecraft:iron_leggings":1,"sophisticatedbackpacks:gold_backpack":1,"minecraft:water_bucket":7,"minecraft:diamond_boots":2,"minecraft:stone_pickaxe":256,"minecraft:fletching_table":1,"minecraft:leather_boots":2,"minecraft:white_wool":509,"minecraft:sand":1,"minecraft:crafting_table":5,"minecraft:white_bed":7,"minecraft:spruce_log":204,"easy_villagers:villager":4,"minecraft:apple":2,"minecraft:iron_pickaxe":3,"minecraft:lectern":1,"minecraft:leather_helmet":1,"minecraft:bread":58,"minecraft:golden_leggings":1,"minecraft:stone_axe":1056,"minecraft:enchanted_book":1,"minecraft:purple_bed":8,"minecraft:cobblestone":133,"minecraft:white_banner":1,"minecraft:bucket":7,"minecraft:pumpkin_pie":1,"minecraft:dandelion":2,"minecraft:splash_potion":1,"minecraft:experience_bottle":3},"minecraft:mined":{"minecraft:spruce_planks":2,"minecraft:white_bed":6,"farmersdelight:rich_soil":3,"farmersdelight:wild_carrots":10,"minecraft:brewing_stand":1,"minecraft:granite":15,"minecraft:spruce_fence":1,"minecraft:grass_block":425,"minecraft:polished_diorite":1,"farmersdelight:wild_cabbages":1,"minecraft:spruce_leaves":30,"minecraft:kelp":1,"vinery:apple_log":7,"minecraft:large_fern":1,"minecraft:hay_block":4,"minecraft:tall_seagrass":1,"minecraft:oak_trapdoor":2,"farmersdelight:wild_rice":5,"minecraft:iron_ore":9,"minecraft:cobbled_deepslate":2,"minecraft:andesite":2,"minecraft:dark_oak_fence_gate":2,"minecraft:stripped_spruce_log":3,"minecraft:pumpkin":16,"minecraft:gold_block":2,"minecraft:dark_oak_stairs":1,"vinery:taiga_grape_bush_white":1,"minecraft:bookshelf":22,"minecraft:dirt_path":34,"minecraft:water_cauldron":1,"minecraft:deepslate_iron_ore":1,"minecraft:iron_bars":1,"minecraft:lantern":2,"minecraft:spruce_wood":4,"minecraft:bamboo":17,"minecraft:stone":138,"minecraft:white_wool":37,"minecraft:spruce_slab":3,"minecraft:light_gray_carpet":1,"minecraft:oak_slab":2,"minecraft:scaffolding":63,"farmersdelight:organic_compost":2,"minecraft:kelp_plant":12,"minecraft:dandelion":2,"minecraft:oak_fence":1,"minecraft:torch":5,"minecraft:crafting_table":4,"vinery:red_grape_bush":2,"minecraft:campfire":1,"supplementaries:wild_flax":5,"minecraft:stone_slab":1,"minecraft:tall_grass":8,"minecraft:glass":2,"minecraft:cobblestone":14,"minecraft:sugar_cane":2,"minecraft:diorite":12,"minecraft:wall_torch":2,"farmersdelight:wild_beetroots":3,"minecraft:seagrass":2,"minecraft:purple_bed":8,"minecraft:birch_log":75,"minecraft:spruce_log":681,"minecraft:wheat":42,"minecraft:birch_leaves":5,"minecraft:white_carpet":1,"minecraft:stone_brick_stairs":8,"minecraft:grass":58,"minecraft:coal_ore":16,"minecraft:gravel":12,"minecraft:sand":5,"minecraft:dirt":47,"minecraft:cobweb":24,"minecraft:mossy_stone_bricks":1,"minecraft:oak_leaves":6,"minecraft:fern":6}},"DataVersion":3465}