{"stats":{"minecraft:custom":{"minecraft:interact_with_furnace":46,"minecraft:mob_kills":76,"minecraft:interact_with_crafting_table":21,"minecraft:leave_game":39,"minecraft:time_since_death":77427,"minecraft:sleep_in_bed":15,"minecraft:time_since_rest":3469,"minecraft:sprint_one_cm":220252,"minecraft:damage_taken":2130,"minecraft:walk_one_cm":289980,"minecraft:drop":7,"minecraft:damage_dealt":9159,"minecraft:swim_one_cm":4013,"minecraft:talked_to_villager":1,"minecraft:fly_one_cm":335572,"minecraft:open_chest":13,"minecraft:crouch_one_cm":654,"minecraft:play_time":285020,"minecraft:deaths":3,"minecraft:sneak_time":215,"minecraft:walk_under_water_one_cm":5561,"minecraft:boat_one_cm":364814,"minecraft:jump":1501,"minecraft:walk_on_water_one_cm":49845,"minecraft:total_world_time":285020,"minecraft:fall_one_cm":34091},"minecraft:crafted":{"minecraft:cooked_beef":9,"minecraft:wooden_sword":1,"minecraft:oak_planks":52,"minecraft:cooked_porkchop":26,"minecraft:crafting_table":1,"minecraft:cooked_chicken":11,"minecraft:iron_helmet":1,"minecraft:wooden_pickaxe":1,"minecraft:iron_sword":1,"minecraft:furnace":3,"minecraft:bucket":1,"minecraft:stone_axe":3,"minecraft:cooked_mutton":27,"minecraft:air":0,"minecraft:oak_boat":1,"minecraft:iron_boots":1,"minecraft:iron_chestplate":1,"minecraft:stick":32,"minecraft:iron_ingot":53,"minecraft:iron_pickaxe":1,"minecraft:stone_pickaxe":6,"minecraft:wooden_axe":1,"minecraft:stone_sword":1,"minecraft:chest":2,"minecraft:iron_leggings":1,"minecraft:torch":88,"minecraft:cooked_rabbit":2},"minecraft:killed_by":{"minecraft:skeleton":1,"minecraft:zombie":2},"minecraft:dropped":{"minecraft:stone_axe":1,"minecraft:stone_sword":1,"minecraft:rotten_flesh":5,"minecraft:gunpowder":1,"minecraft:sand":1,"minecraft:stone_pickaxe":1,"minecraft:wooden_pickaxe":1},"minecraft:mined":{"minecraft:acacia_leaves":2,"minecraft:white_bed":10,"minecraft:dark_oak_log":108,"minecraft:crafting_table":8,"minecraft:torch":1,"minecraft:acacia_log":19,"minecraft:grass_block":10,"minecraft:tall_grass":2,"minecraft:furnace":4,"minecraft:birch_log":17,"minecraft:iron_ore":53,"minecraft:birch_leaves":1,"minecraft:grass":2,"minecraft:coal_ore":205,"minecraft:oak_log":20,"minecraft:sand":1,"minecraft:dirt":12,"minecraft:stone":163,"minecraft:oak_leaves":15},"minecraft:killed":{"minecraft:pig":13,"minecraft:zombie_villager":2,"minecraft:rabbit":2,"minecraft:spider":2,"minecraft:creeper":3,"minecraft:sheep":17,"minecraft:skeleton":5,"minecraft:zombie":15,"minecraft:chicken":11,"minecraft:cow":5},"minecraft:broken":{"minecraft:stone_pickaxe":2,"minecraft:wooden_sword":1,"minecraft:wooden_axe":1,"minecraft:wooden_pickaxe":1},"minecraft:picked_up":{"minecraft:birch_log":68,"minecraft:crafting_table":11,"minecraft:feather":18,"minecraft:chicken":11,"minecraft:leather":6,"minecraft:wooden_pickaxe":1,"minecraft:oak_log":65,"minecraft:gunpowder":4,"minecraft:dirt":71,"minecraft:string":4,"minecraft:wooden_sword":2,"minecraft:cooked_mutton":6,"minecraft:bone":24,"minecraft:apple":4,"minecraft:rabbit_hide":2,"minecraft:beef":9,"minecraft:stone_pickaxe":6,"minecraft:oak_boat":1,"minecraft:light_gray_wool":3,"minecraft:iron_pickaxe":3,"minecraft:rabbit":2,"minecraft:birch_sapling":14,"minecraft:acacia_sapling":50,"minecraft:iron_boots":3,"minecraft:furnace":10,"minecraft:raw_iron":85,"minecraft:dark_oak_sapling":72,"minecraft:stick":43,"minecraft:torch":46,"minecraft:acacia_log":76,"minecraft:porkchop":26,"minecraft:sand":3,"minecraft:spruce_sapling":4,"minecraft:white_bed":13,"minecraft:dark_oak_log":392,"minecraft:stone_sword":3,"minecraft:arrow":22,"minecraft:rotten_flesh":50,"minecraft:stone_axe":9,"minecraft:oak_sapling":16,"minecraft:black_wool":1,"minecraft:mutton":27,"minecraft:coal":680,"minecraft:white_wool":43,"minecraft:cobblestone":477},"minecraft:used":{"minecraft:cooked_mutton":13,"minecraft:stone_sword":79,"mcwfurnitures:oak_wardrobe":3,"minecraft:stone_pickaxe":367,"minecraft:chest":2,"minecraft:wooden_pickaxe":59,"minecraft:cooked_chicken":3,"minecraft:rotten_flesh":21,"mcwlights:magenta_lamp":5,"minecraft:iron_chestplate":1,"minecraft:torch":21,"minecraft:dirt":9,"minecraft:crafting_table":8,"minecraft:white_bed":11,"minecraft:wooden_axe":59,"minecraft:apple":1,"minecraft:lava_bucket":7,"minecraft:iron_boots":1,"minecraft:spruce_sapling":2,"minecraft:light_gray_wool":1,"minecraft:stone_axe":176,"minecraft:wooden_sword":65,"minecraft:furnace":7,"minecraft:cooked_rabbit":1,"minecraft:bucket":8,"minecraft:oak_boat":1,"minecraft:iron_leggings":1}},"DataVersion":3337}