{"stats":{"minecraft:picked_up":{"minecraft:crafting_table":5,"minecraft:stick":5,"minecraft:raw_iron":7,"minecraft:wooden_pickaxe":1,"minecraft:sand":1,"minecraft:oak_log":10,"minecraft:spruce_sapling":4,"minecraft:white_bed":6,"minecraft:gunpowder":1,"minecraft:dirt":9,"minecraft:bone":3,"minecraft:arrow":2,"minecraft:rotten_flesh":4,"minecraft:light_gray_wool":1,"minecraft:mutton":13,"minecraft:coal":157,"minecraft:white_wool":7,"minecraft:cobblestone":109,"minecraft:furnace":2},"minecraft:killed":{"minecraft:sheep":8,"minecraft:zombie":3,"minecraft:creeper":1},"minecraft:broken":{"minecraft:stone_pickaxe":1,"minecraft:wooden_pickaxe":1},"minecraft:mined":{"minecraft:white_bed":6,"minecraft:furnace":2,"minecraft:iron_ore":7,"minecraft:crafting_table":5,"minecraft:grass_block":4,"minecraft:oak_log":10,"minecraft:coal_ore":123,"minecraft:sand":1,"minecraft:dirt":5,"minecraft:stone":107,"minecraft:oak_leaves":9},"minecraft:custom":{"minecraft:time_since_rest":5023,"minecraft:interact_with_furnace":8,"minecraft:sprint_one_cm":72284,"minecraft:damage_taken":428,"minecraft:walk_one_cm":102765,"minecraft:mob_kills":12,"minecraft:drop":1,"minecraft:damage_dealt":1666,"minecraft:swim_one_cm":3667,"minecraft:interact_with_crafting_table":8,"minecraft:fly_one_cm":191118,"minecraft:crouch_one_cm":267,"minecraft:play_time":157662,"minecraft:sneak_time":112,"minecraft:walk_under_water_one_cm":4510,"minecraft:boat_one_cm":328444,"minecraft:jump":517,"minecraft:leave_game":30,"minecraft:time_since_death":157662,"minecraft:walk_on_water_one_cm":44548,"minecraft:sleep_in_bed":7,"minecraft:total_world_time":157662,"minecraft:fall_one_cm":8844},"minecraft:dropped":{"minecraft:wooden_pickaxe":1},"minecraft:crafted":{"minecraft:wooden_sword":1,"minecraft:oak_planks":20,"minecraft:iron_boots":1,"minecraft:crafting_table":1,"minecraft:stick":12,"minecraft:wooden_pickaxe":1,"minecraft:iron_ingot":7,"minecraft:iron_pickaxe":1,"minecraft:stone_pickaxe":2,"minecraft:wooden_axe":1,"minecraft:stone_sword":1,"minecraft:furnace":2,"minecraft:air":0,"minecraft:cooked_mutton":13},"minecraft:used":{"minecraft:cooked_mutton":8,"minecraft:wooden_axe":18,"minecraft:stone_sword":18,"mcwfurnitures:oak_wardrobe":3,"minecraft:stone_pickaxe":180,"minecraft:wooden_pickaxe":59,"minecraft:iron_boots":1,"minecraft:spruce_sapling":2,"mcwlights:magenta_lamp":5,"minecraft:wooden_sword":15,"minecraft:dirt":9,"minecraft:crafting_table":5,"minecraft:furnace":2,"minecraft:white_bed":7}},"DataVersion":3337}