{"stats":{"minecraft:broken":{"minecraft:shears":1,"minecraft:stone_pickaxe":4,"minecraft:wooden_sword":1,"minecraft:stone_axe":2,"minecraft:wooden_axe":1,"minecraft:wooden_pickaxe":1,"minecraft:iron_pickaxe":3},"minecraft:crafted":{"minecraft:smooth_stone":3,"minecraft:oak_planks":32,"minecraft:cooked_chicken":6,"minecraft:stone":3,"sophisticatedbackpacks:crafting_upgrade":1,"minecraft:cooked_mutton":15,"minecraft:bow":2,"minecraft:chest":10,"minecraft:deepslate":1,"minecraft:emerald":6,"sophisticatedbackpacks:backpack":3,"minecraft:arrow":24,"minecraft:cooked_porkchop":13,"minecraft:crafting_table":2,"minecraft:spruce_planks":176,"minecraft:wooden_pickaxe":1,"minecraft:baked_potato":1,"supplementaries:slingshot":1,"sophisticatedbackpacks:upgrade_base":2,"minecraft:spruce_trapdoor":2,"minecraft:shield":2,"minecraft:stick":380,"minecraft:iron_ingot":47,"minecraft:iron_pickaxe":6,"minecraft:stone_sword":1,"minecraft:gold_ingot":18,"minecraft:shears":3,"minecraft:wooden_sword":1,"minecraft:coal":9,"minecraft:leather_boots":1,"minecraft:furnace":2,"minecraft:blast_furnace":1,"minecraft:stone_pickaxe":5,"minecraft:wheat":739,"sophisticatedbackpacks:iron_backpack":2,"minecraft:cooked_beef":51,"minecraft:coal_block":6,"minecraft:red_dye":1,"minecraft:leather_helmet":1,"sophisticatedbackpacks:gold_backpack":2,"minecraft:bucket":1,"minecraft:stone_axe":2,"minecraft:enchanted_book":1,"minecraft:bread":276,"minecraft:air":0,"minecraft:jungle_planks":256,"minecraft:wooden_axe":1,"minecraft:torch":164},"minecraft:custom":{"minecraft:interact_with_crafting_table":91,"minecraft:bell_ring":1,"minecraft:eat_cake_slice":5,"minecraft:leave_game":5,"minecraft:time_since_death":46473,"minecraft:sprint_one_cm":1828160,"minecraft:damage_blocked_by_shield":1845,"minecraft:drop":141,"minecraft:talked_to_villager":8,"minecraft:play_time":996982,"minecraft:deaths":5,"minecraft:jump":8935,"minecraft:walk_on_water_one_cm":43309,"minecraft:interact_with_furnace":52,"minecraft:traded_with_villager":7,"minecraft:interact_with_cartography_table":1,"minecraft:interact_with_loom":1,"minecraft:sleep_in_bed":66,"minecraft:damage_dealt":15375,"minecraft:crouch_one_cm":8031,"minecraft:interact_with_smoker":9,"minecraft:horse_one_cm":524430,"minecraft:interact_with_anvil":2,"minecraft:mob_kills":168,"minecraft:climb_one_cm":19358,"minecraft:walk_one_cm":1434361,"minecraft:raid_win":1,"minecraft:sneak_time":3971,"minecraft:walk_under_water_one_cm":32725,"minecraft:boat_one_cm":383701,"minecraft:interact_with_blast_furnace":20,"minecraft:total_world_time":996982,"minecraft:time_since_rest":15643,"minecraft:damage_taken":6494,"minecraft:swim_one_cm":31027,"minecraft:fly_one_cm":1846456,"minecraft:open_chest":358,"minecraft:fall_one_cm":269493},"minecraft:killed":{"minecraft:cave_spider":3,"minecraft:spider":7,"minecraft:skeleton":7,"minecraft:chicken":6,"minecraft:pig":8,"minecraft:zombie_villager":2,"minecraft:creeper":10,"minecraft:sheep":11,"minecraft:pillager":9,"minecraft:zombie":55,"minecraft:cow":28,"minecraft:vindicator":1,"minecraft:slime":13,"minecraft:drowned":3,"minecraft:rabbit":1},"minecraft:dropped":{"naturescompass:naturescompass":2,"minecraft:iron_sword":1,"minecraft:cooked_beef":9,"minecraft:crossbow":1,"vinery:white_grape_seeds":3,"minecraft:leather":8,"minecraft:saddle":1,"minecraft:leather_helmet":1,"minecraft:emerald":10,"minecraft:flint":1,"minecraft:dirt":1,"minecraft:grass":4,"minecraft:mutton":1,"farmersdelight:onion":10,"minecraft:pumpkin_pie":1,"minecraft:white_wool":909,"minecraft:sugar_cane":18,"minecraft:stone_axe":2,"minecraft:compass":2,"minecraft:cooked_chicken":3,"minecraft:wheat":5,"minecraft:beetroot":1,"minecraft:rotten_flesh":2,"vinery:straw_hat":1,"supplementaries:antique_ink":1,"supplementaries:ash":5,"minecraft:arrow":13,"minecraft:enchanted_book":1,"minecraft:iron_ingot":5,"minecraft:bread":56,"minecraft:wheat_seeds":11,"minecraft:golden_horse_armor":1,"minecraft:feather":1,"minecraft:cobblestone":257,"minecraft:copper_ingot":1,"minecraft:gray_wool":34,"minecraft:milk_bucket":1,"minecraft:red_dye":1,"minecraft:orange_bed":1,"minecraft:string":27,"minecraft:bucket":1,"minecraft:redstone":6,"minecraft:spruce_sapling":4,"minecraft:raw_copper":6,"farmersdelight:cabbage_seeds":2,"minecraft:white_carpet":2,"minecraft:light_gray_wool":44,"sophisticatedbackpacks:backpack":1,"minecraft:name_tag":1,"minecraft:spruce_fence":1,"minecraft:shears":1,"minecraft:spruce_planks":4,"vinery:dark_cherry_log":7,"minecraft:purple_bed":3,"minecraft:bamboo":259,"minecraft:spruce_log":42,"minecraft:diamond_boots":1,"minecraft:bow":2,"minecraft:stone_pickaxe":1,"minecraft:black_wool":64},"minecraft:picked_up":{"minecraft:wheat":20,"minecraft:enchanted_book":2,"minecraft:stone_brick_stairs":8,"minecraft:brewing_stand":2,"farmersdelight:cutting_board":1,"minecraft:string":108,"minecraft:raw_copper":78,"minecraft:iron_leggings":3,"minecraft:experience_bottle":2,"minecraft:beetroot":2,"minecraft:cobbled_deepslate":562,"minecraft:bucket":2,"minecraft:spruce_planks":7,"minecraft:iron_pickaxe":4,"minecraft:melon_slice":5,"minecraft:coal_block":16,"farmersdelight:cabbage_seeds":6,"minecraft:furnace":6,"minecraft:tipped_arrow":3,"minecraft:golden_helmet":2,"minecraft:stick":24,"minecraft:acacia_fence":1,"minecraft:composter":1,"minecraft:oak_fence":2,"minecraft:torch":172,"minecraft:porkchop":16,"minecraft:golden_axe":1,"minecraft:diorite":35,"minecraft:cauldron":2,"minecraft:brown_carpet":2,"minecraft:orange_bed":2,"minecraft:stone_sword":2,"minecraft:rotten_flesh":83,"supplementaries:antique_ink":9,"supplementaries:ash":84,"vinery:dark_cherry_log":7,"vinery:apple_log":7,"minecraft:cobblestone":365,"minecraft:birch_log":21,"minecraft:andesite":52,"minecraft:water_bucket":5,"farmersdelight:rice":4,"minecraft:feather":7,"minecraft:cooked_beef":55,"minecraft:jungle_log":76,"minecraft:brown_wool":3,"minecraft:golden_leggings":1,"minecraft:smoker":2,"minecraft:flint":4,"minecraft:tuff":60,"supplementaries:flax_seeds":5,"minecraft:lapis_lazuli":219,"minecraft:dirt":36,"minecraft:lantern":1,"minecraft:leather_boots":2,"minecraft:bone":51,"minecraft:stonecutter":4,"minecraft:bow":8,"minecraft:wheat_seeds":20,"minecraft:raw_gold":60,"minecraft:bamboo":253,"minecraft:cooked_porkchop":3,"vinery:dark_cherry_sapling":2,"minecraft:sand":3,"minecraft:iron_hoe":1,"minecraft:diamond":3,"minecraft:spruce_boat":2,"minecraft:crossbow":4,"minecraft:granite":17,"minecraft:grass":4,"minecraft:bread":107,"minecraft:emerald":21,"minecraft:oak_sapling":8,"sophisticatedbackpacks:gold_backpack":4,"minecraft:cocoa_beans":8,"minecraft:crafting_table":20,"minecraft:splash_potion":1,"minecraft:chicken":6,"minecraft:leather_leggings":2,"minecraft:golden_pickaxe":2,"minecraft:brown_mushroom":2,"minecraft:gold_block":1,"minecraft:chain":16,"minecraft:shield":2,"minecraft:white_carpet":3,"minecraft:item_frame":5,"minecraft:compass":1,"minecraft:iron_shovel":1,"vinery:apple_tree_sapling":2,"minecraft:beef":54,"minecraft:oak_boat":1,"minecraft:jungle_sapling":6,"minecraft:iron_nugget":14,"minecraft:poppy":1,"minecraft:light_gray_wool":37,"minecraft:sugar_cane":22,"minecraft:birch_sapling":3,"minecraft:phantom_membrane":1,"minecraft:egg":1,"minecraft:raw_iron":292,"minecraft:copper_ingot":1,"minecraft:spruce_fence":1,"minecraft:redstone":244,"minecraft:arrow":41,"minecraft:stone_shovel":1,"minecraft:beetroot_seeds":9,"minecraft:pumpkin_pie":2,"minecraft:shears":1,"vinery:white_grape_seeds":3,"minecraft:hay_block":147,"minecraft:gold_ingot":3,"minecraft:rail":1,"minecraft:mutton":16,"minecraft:oxeye_daisy":2,"minecraft:white_wool":955,"minecraft:leather":37,"vinery:straw_hat":1,"minecraft:oak_log":16,"minecraft:gunpowder":12,"minecraft:white_banner":3,"minecraft:stone_bricks":2,"minecraft:rabbit_hide":1,"minecraft:iron_ingot":18,"minecraft:stone_pickaxe":2,"minecraft:iron_sword":6,"minecraft:book":1,"minecraft:scaffolding":2,"minecraft:pumpkin":10,"minecraft:sweet_berries":5,"minecraft:quartz":2,"minecraft:dandelion":1,"minecraft:gravel":40,"minecraft:spruce_sapling":35,"minecraft:blast_furnace":2,"minecraft:spruce_log":150,"minecraft:spider_eye":8,"minecraft:firework_rocket":1,"minecraft:purple_bed":17,"minecraft:slime_ball":15,"minecraft:stone_axe":6,"minecraft:gray_wool":35,"naturescompass:naturescompass":3,"minecraft:damaged_anvil":1,"minecraft:black_wool":65,"minecraft:coal":329,"minecraft:ender_pearl":2},"minecraft:used":{"minecraft:beetroot":1,"minecraft:chest":6,"minecraft:shield":80,"minecraft:iron_sword":263,"minecraft:spruce_boat":2,"minecraft:lava_bucket":1,"vinery:straw_hat":1,"minecraft:item_frame":1,"farmersdelight:cutting_board":1,"minecraft:bow":151,"minecraft:scaffolding":2,"supplementaries:ash":1,"minecraft:furnace":8,"minecraft:cooked_cod":6,"minecraft:acacia_fence":1,"minecraft:egg":1,"minecraft:damaged_anvil":1,"minecraft:diorite":3,"minecraft:leather_leggings":1,"minecraft:diamond_boots":1,"minecraft:stone_pickaxe":607,"minecraft:wooden_pickaxe":59,"minecraft:composter":1,"minecraft:sugar_cane":4,"minecraft:white_wool":4,"minecraft:sand":3,"minecraft:blast_furnace":2,"minecraft:crossbow":6,"minecraft:shears":16,"minecraft:firework_rocket":1,"minecraft:bread":48,"minecraft:string":1,"minecraft:deepslate":1,"minecraft:gravel":32,"minecraft:golden_helmet":1,"minecraft:wooden_sword":43,"minecraft:chain":10,"minecraft:andesite":28,"minecraft:golden_pickaxe":10,"minecraft:experience_bottle":2,"minecraft:stone_sword":127,"minecraft:cooked_chicken":3,"minecraft:orange_bed":1,"minecraft:torch":352,"minecraft:brewing_stand":2,"minecraft:dirt":14,"minecraft:wooden_axe":61,"minecraft:beef":3,"minecraft:cooked_beef":36,"minecraft:cobbled_deepslate":126,"minecraft:pumpkin":3,"minecraft:iron_leggings":1,"sophisticatedbackpacks:gold_backpack":1,"minecraft:wheat_seeds":7,"minecraft:cooked_mutton":5,"minecraft:water_bucket":98,"minecraft:baked_potato":1,"minecraft:cauldron":2,"minecraft:stonecutter":4,"minecraft:leather_boots":2,"supplementaries:slingshot":8,"minecraft:crafting_table":20,"minecraft:spruce_log":1,"minecraft:smoker":2,"minecraft:black_wool":1,"minecraft:iron_pickaxe":1017,"minecraft:spruce_trapdoor":2,"minecraft:stone_axe":279,"minecraft:purple_bed":14,"minecraft:white_banner":3,"minecraft:cooked_porkchop":16,"minecraft:bucket":101,"minecraft:pumpkin_pie":1},"minecraft:mined":{"minecraft:brewing_stand":2,"minecraft:granite":7,"minecraft:acacia_log":1,"minecraft:grass_block":12,"minecraft:brown_wool":3,"minecraft:jungle_log":77,"minecraft:coal_block":16,"minecraft:composter":1,"vinery:apple_log":7,"farmersdelight:wild_rice":4,"minecraft:iron_ore":125,"minecraft:cobbled_deepslate":21,"minecraft:pumpkin":10,"minecraft:deepslate_lapis_ore":30,"minecraft:water_cauldron":2,"minecraft:tripwire":1,"minecraft:orange_bed":1,"minecraft:deepslate_redstone_ore":39,"minecraft:brown_mushroom":2,"minecraft:smoker":2,"minecraft:torch":12,"minecraft:blast_furnace":2,"minecraft:melon":1,"minecraft:cobblestone":3,"minecraft:sugar_cane":8,"minecraft:damaged_anvil":1,"minecraft:wall_torch":12,"vinery:white_grape_bush":1,"minecraft:deepslate_copper_ore":3,"minecraft:chain":16,"farmersdelight:sandy_shrub":1,"minecraft:birch_log":21,"farmersdelight:cutting_board":1,"minecraft:wheat":11,"minecraft:grass":34,"minecraft:oak_log":21,"minecraft:acacia_fence":1,"minecraft:sand":7,"minecraft:dirt":23,"minecraft:stonecutter":4,"minecraft:oak_leaves":4,"minecraft:deepslate":482,"minecraft:tuff":55,"minecraft:deepslate_diamond_ore":3,"minecraft:glow_lichen":1,"minecraft:spruce_fence":2,"farmersdelight:wild_cabbages":1,"minecraft:spruce_leaves":16,"minecraft:large_fern":1,"minecraft:hay_block":148,"minecraft:furnace":6,"minecraft:andesite":42,"minecraft:deepslate_iron_ore":110,"minecraft:bamboo":24,"minecraft:stone":307,"minecraft:white_wool":36,"vinery:dark_cherry_log":7,"minecraft:brown_carpet":1,"minecraft:oak_fence":1,"minecraft:crafting_table":19,"minecraft:tall_grass":10,"minecraft:copper_ore":14,"minecraft:lapis_ore":3,"minecraft:deepslate_gold_ore":50,"minecraft:diorite":33,"supplementaries:urn":39,"farmersdelight:wild_beetroots":8,"minecraft:purple_bed":15,"minecraft:ice":1,"minecraft:white_carpet":3,"minecraft:spruce_log":130,"minecraft:coal_ore":236,"minecraft:cocoa":6,"minecraft:sunflower":1,"minecraft:gravel":39,"minecraft:cobweb":92,"minecraft:stone_bricks":2,"minecraft:fern":2}},"DataVersion":3465}