{"stats":{"minecraft:broken":{"minecraft:shears":1,"minecraft:stone_pickaxe":4,"minecraft:wooden_sword":1,"minecraft:stone_axe":2,"minecraft:wooden_axe":1,"minecraft:wooden_pickaxe":1,"minecraft:iron_pickaxe":1},"minecraft:crafted":{"minecraft:oak_planks":32,"minecraft:cooked_chicken":6,"minecraft:cooked_mutton":15,"minecraft:bow":2,"minecraft:chest":10,"sophisticatedbackpacks:backpack":3,"minecraft:arrow":24,"minecraft:cooked_porkchop":13,"minecraft:crafting_table":1,"minecraft:spruce_planks":176,"minecraft:wooden_pickaxe":1,"minecraft:baked_potato":1,"minecraft:spruce_trapdoor":2,"minecraft:shield":2,"minecraft:stick":88,"minecraft:iron_ingot":26,"minecraft:iron_pickaxe":3,"minecraft:stone_sword":1,"minecraft:gold_ingot":18,"minecraft:shears":3,"minecraft:wooden_sword":1,"minecraft:coal":9,"minecraft:leather_boots":1,"minecraft:furnace":1,"minecraft:stone_pickaxe":5,"minecraft:wheat":163,"sophisticatedbackpacks:iron_backpack":2,"minecraft:cooked_beef":51,"minecraft:coal_block":6,"minecraft:leather_helmet":1,"sophisticatedbackpacks:gold_backpack":2,"minecraft:bucket":1,"minecraft:stone_axe":2,"minecraft:bread":84,"minecraft:air":0,"minecraft:wooden_axe":1,"minecraft:torch":164},"minecraft:custom":{"minecraft:interact_with_crafting_table":67,"minecraft:bell_ring":1,"minecraft:eat_cake_slice":5,"minecraft:leave_game":5,"minecraft:time_since_death":125192,"minecraft:sprint_one_cm":1407554,"minecraft:damage_blocked_by_shield":740,"minecraft:drop":109,"minecraft:talked_to_villager":3,"minecraft:play_time":648982,"minecraft:deaths":3,"minecraft:jump":6744,"minecraft:walk_on_water_one_cm":33070,"minecraft:interact_with_furnace":44,"minecraft:interact_with_cartography_table":1,"minecraft:interact_with_loom":1,"minecraft:sleep_in_bed":47,"minecraft:damage_dealt":8735,"minecraft:crouch_one_cm":6213,"minecraft:interact_with_smoker":9,"minecraft:horse_one_cm":494301,"minecraft:mob_kills":79,"minecraft:climb_one_cm":13326,"minecraft:walk_one_cm":1041825,"minecraft:sneak_time":2921,"minecraft:walk_under_water_one_cm":25454,"minecraft:boat_one_cm":299056,"minecraft:interact_with_blast_furnace":11,"minecraft:total_world_time":648982,"minecraft:time_since_rest":2839,"minecraft:damage_taken":4142,"minecraft:swim_one_cm":29152,"minecraft:fly_one_cm":1398107,"minecraft:open_chest":233,"minecraft:fall_one_cm":209428},"minecraft:killed":{"minecraft:cave_spider":3,"minecraft:spider":1,"minecraft:skeleton":3,"minecraft:chicken":6,"minecraft:pig":8,"minecraft:zombie_villager":1,"minecraft:creeper":1,"minecraft:sheep":11,"minecraft:zombie":12,"minecraft:cow":28,"minecraft:drowned":3,"minecraft:rabbit":1},"minecraft:dropped":{"naturescompass:naturescompass":2,"minecraft:iron_sword":1,"minecraft:cooked_beef":9,"vinery:white_grape_seeds":3,"minecraft:leather":8,"minecraft:saddle":1,"minecraft:leather_helmet":1,"minecraft:flint":1,"minecraft:dirt":1,"minecraft:grass":4,"minecraft:mutton":1,"farmersdelight:onion":10,"minecraft:pumpkin_pie":1,"minecraft:white_wool":909,"minecraft:stone_axe":2,"minecraft:compass":2,"minecraft:cooked_chicken":3,"minecraft:wheat":5,"minecraft:beetroot":1,"minecraft:rotten_flesh":2,"supplementaries:antique_ink":1,"supplementaries:ash":5,"minecraft:arrow":11,"minecraft:enchanted_book":1,"minecraft:iron_ingot":5,"minecraft:wheat_seeds":11,"minecraft:golden_horse_armor":1,"minecraft:feather":1,"minecraft:cobblestone":257,"minecraft:copper_ingot":1,"minecraft:gray_wool":34,"minecraft:milk_bucket":1,"minecraft:orange_bed":1,"minecraft:string":27,"minecraft:bucket":1,"minecraft:spruce_sapling":4,"minecraft:raw_copper":6,"farmersdelight:cabbage_seeds":2,"minecraft:white_carpet":2,"minecraft:light_gray_wool":44,"sophisticatedbackpacks:backpack":1,"minecraft:name_tag":1,"minecraft:spruce_fence":1,"minecraft:shears":1,"minecraft:spruce_planks":2,"vinery:dark_cherry_log":7,"minecraft:purple_bed":3,"minecraft:bamboo":259,"minecraft:spruce_log":42,"minecraft:diamond_boots":1,"minecraft:bow":2,"minecraft:stone_pickaxe":1,"minecraft:black_wool":64},"minecraft:picked_up":{"minecraft:wheat":20,"minecraft:enchanted_book":2,"minecraft:brewing_stand":2,"minecraft:string":96,"minecraft:raw_copper":70,"minecraft:iron_leggings":1,"minecraft:experience_bottle":2,"minecraft:beetroot":2,"minecraft:cobbled_deepslate":133,"minecraft:bucket":2,"minecraft:spruce_planks":1,"minecraft:iron_pickaxe":2,"minecraft:melon_slice":5,"minecraft:coal_block":16,"farmersdelight:cabbage_seeds":6,"minecraft:furnace":6,"minecraft:tipped_arrow":3,"minecraft:golden_helmet":2,"minecraft:stick":24,"minecraft:acacia_fence":1,"minecraft:composter":1,"minecraft:oak_fence":2,"minecraft:torch":52,"minecraft:porkchop":16,"minecraft:golden_axe":1,"minecraft:diorite":31,"minecraft:cauldron":2,"minecraft:brown_carpet":2,"minecraft:orange_bed":2,"minecraft:stone_sword":2,"minecraft:rotten_flesh":20,"supplementaries:antique_ink":1,"supplementaries:ash":11,"vinery:dark_cherry_log":7,"vinery:apple_log":7,"minecraft:cobblestone":346,"minecraft:birch_log":21,"minecraft:andesite":52,"minecraft:water_bucket":3,"farmersdelight:rice":4,"minecraft:feather":7,"minecraft:cooked_beef":55,"minecraft:jungle_log":76,"minecraft:brown_wool":3,"minecraft:golden_leggings":1,"minecraft:smoker":2,"minecraft:flint":4,"minecraft:tuff":13,"minecraft:lapis_lazuli":73,"minecraft:dirt":31,"minecraft:lantern":1,"minecraft:leather_boots":2,"minecraft:bone":18,"minecraft:stonecutter":4,"minecraft:bow":6,"minecraft:wheat_seeds":20,"minecraft:raw_gold":7,"minecraft:bamboo":253,"minecraft:cooked_porkchop":3,"vinery:dark_cherry_sapling":2,"minecraft:sand":3,"minecraft:iron_hoe":1,"minecraft:spruce_boat":2,"minecraft:crossbow":2,"minecraft:granite":3,"minecraft:grass":4,"minecraft:bread":2,"minecraft:emerald":5,"minecraft:oak_sapling":8,"sophisticatedbackpacks:gold_backpack":2,"minecraft:cocoa_beans":8,"minecraft:crafting_table":20,"minecraft:splash_potion":1,"minecraft:chicken":6,"minecraft:leather_leggings":2,"minecraft:golden_pickaxe":2,"minecraft:brown_mushroom":2,"minecraft:gold_block":1,"minecraft:white_carpet":3,"minecraft:item_frame":5,"minecraft:compass":1,"minecraft:iron_shovel":1,"vinery:apple_tree_sapling":2,"minecraft:beef":54,"minecraft:oak_boat":1,"minecraft:jungle_sapling":6,"minecraft:poppy":1,"minecraft:light_gray_wool":37,"minecraft:sugar_cane":18,"minecraft:birch_sapling":3,"minecraft:phantom_membrane":1,"minecraft:egg":1,"minecraft:raw_iron":140,"minecraft:copper_ingot":1,"minecraft:spruce_fence":1,"minecraft:redstone":14,"minecraft:arrow":26,"minecraft:stone_shovel":1,"minecraft:beetroot_seeds":9,"minecraft:pumpkin_pie":2,"minecraft:shears":1,"vinery:white_grape_seeds":3,"minecraft:hay_block":147,"minecraft:gold_ingot":3,"minecraft:mutton":16,"minecraft:oxeye_daisy":2,"minecraft:white_wool":908,"minecraft:leather":37,"minecraft:oak_log":16,"minecraft:gunpowder":2,"minecraft:rabbit_hide":1,"minecraft:iron_ingot":18,"minecraft:stone_pickaxe":2,"minecraft:iron_sword":4,"minecraft:pumpkin":10,"minecraft:sweet_berries":5,"minecraft:quartz":2,"minecraft:dandelion":1,"minecraft:gravel":40,"minecraft:spruce_sapling":35,"minecraft:blast_furnace":2,"minecraft:spruce_log":149,"minecraft:spider_eye":3,"minecraft:firework_rocket":1,"minecraft:purple_bed":17,"minecraft:stone_axe":3,"minecraft:gray_wool":35,"naturescompass:naturescompass":3,"minecraft:damaged_anvil":1,"minecraft:black_wool":65,"minecraft:coal":297,"minecraft:ender_pearl":2},"minecraft:used":{"minecraft:beetroot":1,"minecraft:chest":6,"minecraft:shield":37,"minecraft:iron_sword":121,"minecraft:spruce_boat":2,"minecraft:lava_bucket":1,"minecraft:item_frame":1,"minecraft:bow":16,"minecraft:furnace":8,"minecraft:cooked_cod":6,"minecraft:acacia_fence":1,"minecraft:egg":1,"minecraft:damaged_anvil":1,"minecraft:diorite":3,"minecraft:leather_leggings":1,"minecraft:diamond_boots":1,"minecraft:stone_pickaxe":607,"minecraft:wooden_pickaxe":59,"minecraft:composter":1,"minecraft:white_wool":2,"minecraft:sand":3,"minecraft:blast_furnace":2,"minecraft:crossbow":6,"minecraft:shears":16,"minecraft:firework_rocket":1,"minecraft:bread":9,"minecraft:string":1,"minecraft:gravel":32,"minecraft:golden_helmet":1,"minecraft:wooden_sword":43,"minecraft:andesite":28,"minecraft:golden_pickaxe":10,"minecraft:experience_bottle":2,"minecraft:stone_sword":127,"minecraft:cooked_chicken":3,"minecraft:orange_bed":1,"minecraft:torch":131,"minecraft:brewing_stand":2,"minecraft:dirt":14,"minecraft:wooden_axe":61,"minecraft:beef":3,"minecraft:cooked_beef":32,"minecraft:cobbled_deepslate":77,"minecraft:pumpkin":3,"minecraft:iron_leggings":1,"sophisticatedbackpacks:gold_backpack":1,"minecraft:wheat_seeds":7,"minecraft:cooked_mutton":5,"minecraft:water_bucket":45,"minecraft:baked_potato":1,"minecraft:cauldron":2,"minecraft:stonecutter":4,"minecraft:leather_boots":2,"minecraft:crafting_table":20,"minecraft:spruce_log":1,"minecraft:smoker":2,"minecraft:black_wool":1,"minecraft:iron_pickaxe":288,"minecraft:spruce_trapdoor":2,"minecraft:stone_axe":277,"minecraft:purple_bed":14,"minecraft:cooked_porkchop":16,"minecraft:bucket":48,"minecraft:pumpkin_pie":1},"minecraft:mined":{"minecraft:brewing_stand":2,"minecraft:granite":3,"minecraft:acacia_log":1,"minecraft:grass_block":12,"minecraft:brown_wool":3,"minecraft:jungle_log":77,"minecraft:coal_block":16,"minecraft:composter":1,"vinery:apple_log":7,"farmersdelight:wild_rice":4,"minecraft:iron_ore":96,"minecraft:cobbled_deepslate":2,"minecraft:pumpkin":10,"minecraft:deepslate_lapis_ore":11,"minecraft:water_cauldron":2,"minecraft:tripwire":1,"minecraft:orange_bed":1,"minecraft:deepslate_redstone_ore":3,"minecraft:brown_mushroom":2,"minecraft:smoker":2,"minecraft:torch":4,"minecraft:blast_furnace":2,"minecraft:melon":1,"minecraft:cobblestone":2,"minecraft:sugar_cane":7,"minecraft:damaged_anvil":1,"minecraft:wall_torch":10,"vinery:white_grape_bush":1,"minecraft:deepslate_copper_ore":3,"farmersdelight:sandy_shrub":1,"minecraft:birch_log":21,"minecraft:wheat":11,"minecraft:grass":32,"minecraft:oak_log":21,"minecraft:acacia_fence":1,"minecraft:sand":7,"minecraft:dirt":22,"minecraft:stonecutter":4,"minecraft:oak_leaves":4,"minecraft:deepslate":130,"minecraft:tuff":13,"minecraft:spruce_fence":2,"farmersdelight:wild_cabbages":1,"minecraft:spruce_leaves":16,"minecraft:large_fern":1,"minecraft:hay_block":148,"minecraft:furnace":6,"minecraft:andesite":42,"minecraft:deepslate_iron_ore":14,"minecraft:bamboo":24,"minecraft:stone":301,"minecraft:white_wool":34,"vinery:dark_cherry_log":7,"minecraft:brown_carpet":1,"minecraft:oak_fence":1,"minecraft:crafting_table":19,"minecraft:tall_grass":10,"minecraft:copper_ore":14,"minecraft:deepslate_gold_ore":7,"minecraft:diorite":31,"supplementaries:urn":9,"farmersdelight:wild_beetroots":8,"minecraft:purple_bed":15,"minecraft:ice":1,"minecraft:white_carpet":3,"minecraft:spruce_log":129,"minecraft:coal_ore":204,"minecraft:cocoa":6,"minecraft:sunflower":1,"minecraft:gravel":39,"minecraft:cobweb":92,"minecraft:fern":2}},"DataVersion":3465}