{"stats":{"minecraft:picked_up":{"minecraft:raw_iron":7,"minecraft:crafting_table":4,"minecraft:oak_log":5,"minecraft:spruce_sapling":4,"minecraft:white_bed":5,"minecraft:gunpowder":1,"minecraft:dirt":9,"minecraft:rotten_flesh":4,"minecraft:light_gray_wool":1,"minecraft:mutton":13,"minecraft:coal":157,"minecraft:white_wool":7,"minecraft:cobblestone":54,"minecraft:furnace":2},"minecraft:killed":{"minecraft:sheep":8,"minecraft:zombie":3,"minecraft:creeper":1},"minecraft:broken":{"minecraft:stone_pickaxe":1},"minecraft:mined":{"minecraft:white_bed":5,"minecraft:furnace":2,"minecraft:iron_ore":7,"minecraft:crafting_table":4,"minecraft:grass_block":4,"minecraft:oak_log":5,"minecraft:coal_ore":123,"minecraft:dirt":5,"minecraft:stone":51,"minecraft:oak_leaves":2},"minecraft:custom":{"minecraft:time_since_rest":5348,"minecraft:interact_with_furnace":8,"minecraft:sprint_one_cm":53384,"minecraft:damage_taken":428,"minecraft:walk_one_cm":89872,"minecraft:mob_kills":12,"minecraft:damage_dealt":1656,"minecraft:swim_one_cm":2608,"minecraft:interact_with_crafting_table":7,"minecraft:fly_one_cm":169804,"minecraft:crouch_one_cm":267,"minecraft:play_time":132380,"minecraft:sneak_time":90,"minecraft:walk_under_water_one_cm":3908,"minecraft:boat_one_cm":328444,"minecraft:jump":433,"minecraft:leave_game":4,"minecraft:walk_on_water_one_cm":40252,"minecraft:time_since_death":132380,"minecraft:sleep_in_bed":6,"minecraft:total_world_time":132380,"minecraft:fall_one_cm":7799},"minecraft:crafted":{"minecraft:wooden_sword":1,"minecraft:oak_planks":20,"minecraft:iron_boots":1,"minecraft:crafting_table":1,"minecraft:stick":12,"minecraft:iron_ingot":7,"minecraft:wooden_pickaxe":1,"minecraft:iron_pickaxe":1,"minecraft:stone_pickaxe":1,"minecraft:wooden_axe":1,"minecraft:stone_sword":1,"minecraft:furnace":2,"minecraft:cooked_mutton":13,"minecraft:air":0},"minecraft:used":{"minecraft:cooked_mutton":6,"minecraft:wooden_axe":10,"minecraft:stone_sword":18,"mcwfurnitures:oak_wardrobe":3,"minecraft:stone_pickaxe":131,"minecraft:wooden_pickaxe":52,"minecraft:iron_boots":1,"minecraft:spruce_sapling":2,"mcwlights:magenta_lamp":5,"minecraft:wooden_sword":14,"minecraft:dirt":9,"minecraft:crafting_table":4,"minecraft:furnace":2,"minecraft:white_bed":5}},"DataVersion":3337}