{"stats":{"minecraft:picked_up":{"minecraft:birch_log":34,"minecraft:crafting_table":7,"minecraft:wooden_pickaxe":1,"minecraft:oak_log":35,"minecraft:gunpowder":3,"minecraft:dirt":33,"minecraft:wooden_sword":1,"minecraft:cooked_mutton":3,"minecraft:bone":6,"minecraft:apple":2,"minecraft:stone_pickaxe":1,"minecraft:iron_pickaxe":1,"minecraft:light_gray_wool":2,"minecraft:birch_sapling":6,"minecraft:acacia_sapling":20,"minecraft:iron_boots":1,"minecraft:furnace":4,"minecraft:dark_oak_sapling":36,"minecraft:stick":27,"minecraft:raw_iron":13,"minecraft:torch":19,"minecraft:acacia_log":38,"minecraft:sand":2,"minecraft:spruce_sapling":4,"minecraft:white_bed":9,"minecraft:dark_oak_log":216,"minecraft:stone_sword":1,"minecraft:arrow":4,"minecraft:rotten_flesh":20,"minecraft:stone_axe":3,"minecraft:oak_sapling":8,"minecraft:mutton":13,"minecraft:coal":302,"minecraft:white_wool":14,"minecraft:cobblestone":219},"minecraft:killed_by":{"minecraft:zombie":1},"minecraft:killed":{"minecraft:spider":1,"minecraft:creeper":2,"minecraft:sheep":8,"minecraft:zombie":6},"minecraft:broken":{"minecraft:stone_pickaxe":1,"minecraft:wooden_axe":1,"minecraft:wooden_pickaxe":1},"minecraft:mined":{"minecraft:acacia_leaves":2,"minecraft:white_bed":8,"minecraft:dark_oak_log":108,"minecraft:crafting_table":6,"minecraft:acacia_log":19,"minecraft:grass_block":9,"minecraft:furnace":2,"minecraft:birch_log":17,"minecraft:iron_ore":10,"minecraft:oak_log":20,"minecraft:coal_ore":139,"minecraft:dirt":12,"minecraft:sand":1,"minecraft:stone":124,"minecraft:oak_leaves":15},"minecraft:custom":{"minecraft:interact_with_furnace":8,"minecraft:mob_kills":17,"minecraft:interact_with_crafting_table":9,"minecraft:leave_game":37,"minecraft:time_since_death":5026,"minecraft:sleep_in_bed":8,"minecraft:time_since_rest":5065,"minecraft:sprint_one_cm":91642,"minecraft:damage_taken":849,"minecraft:walk_one_cm":157068,"minecraft:drop":2,"minecraft:damage_dealt":2766,"minecraft:swim_one_cm":3667,"minecraft:fly_one_cm":232014,"minecraft:crouch_one_cm":267,"minecraft:play_time":183914,"minecraft:deaths":1,"minecraft:sneak_time":112,"minecraft:walk_under_water_one_cm":4510,"minecraft:boat_one_cm":328444,"minecraft:jump":813,"minecraft:walk_on_water_one_cm":44575,"minecraft:total_world_time":183914,"minecraft:fall_one_cm":17873},"minecraft:dropped":{"minecraft:rotten_flesh":5,"minecraft:wooden_pickaxe":1},"minecraft:crafted":{"minecraft:wooden_sword":1,"minecraft:oak_planks":20,"minecraft:crafting_table":1,"minecraft:wooden_pickaxe":1,"minecraft:furnace":2,"minecraft:stone_axe":3,"minecraft:cooked_mutton":13,"minecraft:air":0,"minecraft:iron_boots":1,"minecraft:stick":16,"minecraft:iron_ingot":7,"minecraft:iron_pickaxe":1,"minecraft:stone_pickaxe":2,"minecraft:wooden_axe":1,"minecraft:stone_sword":1,"minecraft:torch":20},"minecraft:used":{"minecraft:cooked_mutton":10,"minecraft:stone_sword":22,"mcwfurnitures:oak_wardrobe":3,"minecraft:stone_pickaxe":217,"minecraft:wooden_pickaxe":59,"mcwlights:magenta_lamp":5,"minecraft:torch":1,"minecraft:dirt":9,"minecraft:crafting_table":6,"minecraft:white_bed":8,"minecraft:wooden_axe":59,"minecraft:iron_boots":1,"minecraft:spruce_sapling":2,"minecraft:stone_axe":127,"minecraft:wooden_sword":40,"minecraft:furnace":2}},"DataVersion":3337}