{"stats":{"minecraft:broken":{"minecraft:shears":1,"minecraft:stone_pickaxe":4,"minecraft:wooden_sword":1,"minecraft:stone_axe":2,"minecraft:wooden_axe":1,"minecraft:wooden_pickaxe":1,"minecraft:iron_pickaxe":2},"minecraft:crafted":{"minecraft:oak_planks":32,"minecraft:cooked_chicken":6,"minecraft:cooked_mutton":15,"minecraft:bow":2,"minecraft:chest":10,"minecraft:emerald":6,"sophisticatedbackpacks:backpack":3,"minecraft:arrow":24,"minecraft:cooked_porkchop":13,"minecraft:crafting_table":1,"minecraft:spruce_planks":176,"minecraft:wooden_pickaxe":1,"minecraft:baked_potato":1,"minecraft:spruce_trapdoor":2,"minecraft:shield":2,"minecraft:stick":380,"minecraft:iron_ingot":26,"minecraft:iron_pickaxe":4,"minecraft:stone_sword":1,"minecraft:gold_ingot":18,"minecraft:shears":3,"minecraft:wooden_sword":1,"minecraft:coal":9,"minecraft:leather_boots":1,"minecraft:furnace":1,"minecraft:stone_pickaxe":5,"minecraft:wheat":163,"sophisticatedbackpacks:iron_backpack":2,"minecraft:cooked_beef":51,"minecraft:coal_block":6,"minecraft:leather_helmet":1,"sophisticatedbackpacks:gold_backpack":2,"minecraft:bucket":1,"minecraft:stone_axe":2,"minecraft:enchanted_book":1,"minecraft:bread":84,"minecraft:air":0,"minecraft:jungle_planks":256,"minecraft:wooden_axe":1,"minecraft:torch":164},"minecraft:custom":{"minecraft:interact_with_crafting_table":68,"minecraft:bell_ring":1,"minecraft:eat_cake_slice":5,"minecraft:leave_game":5,"minecraft:time_since_death":179192,"minecraft:sprint_one_cm":1506194,"minecraft:damage_blocked_by_shield":955,"minecraft:drop":111,"minecraft:talked_to_villager":7,"minecraft:play_time":702982,"minecraft:deaths":3,"minecraft:jump":7305,"minecraft:walk_on_water_one_cm":36282,"minecraft:interact_with_furnace":44,"minecraft:traded_with_villager":7,"minecraft:interact_with_cartography_table":1,"minecraft:interact_with_loom":1,"minecraft:sleep_in_bed":49,"minecraft:damage_dealt":10888,"minecraft:crouch_one_cm":7132,"minecraft:interact_with_smoker":9,"minecraft:horse_one_cm":494301,"minecraft:interact_with_anvil":2,"minecraft:mob_kills":92,"minecraft:climb_one_cm":13326,"minecraft:walk_one_cm":1164347,"minecraft:raid_win":1,"minecraft:sneak_time":3377,"minecraft:walk_under_water_one_cm":28640,"minecraft:boat_one_cm":383701,"minecraft:interact_with_blast_furnace":11,"minecraft:total_world_time":702982,"minecraft:time_since_rest":5294,"minecraft:damage_taken":4652,"minecraft:swim_one_cm":30646,"minecraft:fly_one_cm":1525454,"minecraft:open_chest":264,"minecraft:fall_one_cm":223413},"minecraft:killed":{"minecraft:cave_spider":3,"minecraft:spider":1,"minecraft:skeleton":3,"minecraft:chicken":6,"minecraft:pig":8,"minecraft:zombie_villager":1,"minecraft:creeper":1,"minecraft:sheep":11,"minecraft:pillager":9,"minecraft:zombie":13,"minecraft:cow":28,"minecraft:vindicator":1,"minecraft:drowned":3,"minecraft:rabbit":1},"minecraft:dropped":{"naturescompass:naturescompass":2,"minecraft:iron_sword":1,"minecraft:cooked_beef":9,"minecraft:crossbow":1,"vinery:white_grape_seeds":3,"minecraft:leather":8,"minecraft:saddle":1,"minecraft:leather_helmet":1,"minecraft:flint":1,"minecraft:dirt":1,"minecraft:grass":4,"minecraft:mutton":1,"farmersdelight:onion":10,"minecraft:pumpkin_pie":1,"minecraft:white_wool":909,"minecraft:stone_axe":2,"minecraft:compass":2,"minecraft:cooked_chicken":3,"minecraft:wheat":5,"minecraft:beetroot":1,"minecraft:rotten_flesh":2,"supplementaries:antique_ink":1,"supplementaries:ash":5,"minecraft:arrow":12,"minecraft:enchanted_book":1,"minecraft:iron_ingot":5,"minecraft:wheat_seeds":11,"minecraft:golden_horse_armor":1,"minecraft:feather":1,"minecraft:cobblestone":257,"minecraft:copper_ingot":1,"minecraft:gray_wool":34,"minecraft:milk_bucket":1,"minecraft:orange_bed":1,"minecraft:string":27,"minecraft:bucket":1,"minecraft:spruce_sapling":4,"minecraft:raw_copper":6,"farmersdelight:cabbage_seeds":2,"minecraft:white_carpet":2,"minecraft:light_gray_wool":44,"sophisticatedbackpacks:backpack":1,"minecraft:name_tag":1,"minecraft:spruce_fence":1,"minecraft:shears":1,"minecraft:spruce_planks":2,"vinery:dark_cherry_log":7,"minecraft:purple_bed":3,"minecraft:bamboo":259,"minecraft:spruce_log":42,"minecraft:diamond_boots":1,"minecraft:bow":2,"minecraft:stone_pickaxe":1,"minecraft:black_wool":64},"minecraft:picked_up":{"minecraft:wheat":20,"minecraft:enchanted_book":2,"minecraft:brewing_stand":2,"minecraft:string":96,"minecraft:raw_copper":70,"minecraft:iron_leggings":1,"minecraft:experience_bottle":2,"minecraft:beetroot":2,"minecraft:cobbled_deepslate":373,"minecraft:bucket":2,"minecraft:spruce_planks":1,"minecraft:iron_pickaxe":2,"minecraft:melon_slice":5,"minecraft:coal_block":16,"farmersdelight:cabbage_seeds":6,"minecraft:furnace":6,"minecraft:tipped_arrow":3,"minecraft:golden_helmet":2,"minecraft:stick":24,"minecraft:acacia_fence":1,"minecraft:composter":1,"minecraft:oak_fence":2,"minecraft:torch":61,"minecraft:porkchop":16,"minecraft:golden_axe":1,"minecraft:diorite":31,"minecraft:cauldron":2,"minecraft:brown_carpet":2,"minecraft:orange_bed":2,"minecraft:stone_sword":2,"minecraft:rotten_flesh":24,"supplementaries:antique_ink":1,"supplementaries:ash":16,"vinery:dark_cherry_log":7,"vinery:apple_log":7,"minecraft:cobblestone":346,"minecraft:birch_log":21,"minecraft:andesite":52,"minecraft:water_bucket":3,"farmersdelight:rice":4,"minecraft:feather":7,"minecraft:cooked_beef":55,"minecraft:jungle_log":76,"minecraft:brown_wool":3,"minecraft:golden_leggings":1,"minecraft:smoker":2,"minecraft:flint":4,"minecraft:tuff":53,"supplementaries:flax_seeds":3,"minecraft:lapis_lazuli":104,"minecraft:dirt":32,"minecraft:lantern":1,"minecraft:leather_boots":2,"minecraft:bone":18,"minecraft:stonecutter":4,"minecraft:bow":6,"minecraft:wheat_seeds":20,"minecraft:raw_gold":33,"minecraft:bamboo":253,"minecraft:cooked_porkchop":3,"vinery:dark_cherry_sapling":2,"minecraft:sand":3,"minecraft:iron_hoe":1,"minecraft:spruce_boat":2,"minecraft:crossbow":4,"minecraft:granite":3,"minecraft:grass":4,"minecraft:bread":2,"minecraft:emerald":5,"minecraft:oak_sapling":8,"sophisticatedbackpacks:gold_backpack":2,"minecraft:cocoa_beans":8,"minecraft:crafting_table":20,"minecraft:splash_potion":1,"minecraft:chicken":6,"minecraft:leather_leggings":2,"minecraft:golden_pickaxe":2,"minecraft:brown_mushroom":2,"minecraft:gold_block":1,"minecraft:chain":12,"minecraft:white_carpet":3,"minecraft:item_frame":5,"minecraft:compass":1,"minecraft:iron_shovel":1,"vinery:apple_tree_sapling":2,"minecraft:beef":54,"minecraft:oak_boat":1,"minecraft:jungle_sapling":6,"minecraft:poppy":1,"minecraft:light_gray_wool":37,"minecraft:sugar_cane":18,"minecraft:birch_sapling":3,"minecraft:phantom_membrane":1,"minecraft:egg":1,"minecraft:raw_iron":144,"minecraft:copper_ingot":1,"minecraft:spruce_fence":1,"minecraft:redstone":114,"minecraft:arrow":31,"minecraft:stone_shovel":1,"minecraft:beetroot_seeds":9,"minecraft:pumpkin_pie":2,"minecraft:shears":1,"vinery:white_grape_seeds":3,"minecraft:hay_block":147,"minecraft:gold_ingot":3,"minecraft:rail":1,"minecraft:mutton":16,"minecraft:oxeye_daisy":2,"minecraft:white_wool":908,"minecraft:leather":37,"minecraft:oak_log":16,"minecraft:gunpowder":2,"minecraft:white_banner":3,"minecraft:stone_bricks":2,"minecraft:rabbit_hide":1,"minecraft:iron_ingot":18,"minecraft:stone_pickaxe":2,"minecraft:iron_sword":4,"minecraft:book":1,"minecraft:pumpkin":10,"minecraft:sweet_berries":5,"minecraft:quartz":2,"minecraft:dandelion":1,"minecraft:gravel":40,"minecraft:spruce_sapling":35,"minecraft:blast_furnace":2,"minecraft:spruce_log":150,"minecraft:spider_eye":3,"minecraft:firework_rocket":1,"minecraft:purple_bed":17,"minecraft:stone_axe":3,"minecraft:gray_wool":35,"naturescompass:naturescompass":3,"minecraft:damaged_anvil":1,"minecraft:black_wool":65,"minecraft:coal":297,"minecraft:ender_pearl":2},"minecraft:used":{"minecraft:beetroot":1,"minecraft:chest":6,"minecraft:shield":44,"minecraft:iron_sword":166,"minecraft:spruce_boat":2,"minecraft:lava_bucket":1,"minecraft:item_frame":1,"minecraft:bow":19,"supplementaries:ash":1,"minecraft:furnace":8,"minecraft:cooked_cod":6,"minecraft:acacia_fence":1,"minecraft:egg":1,"minecraft:damaged_anvil":1,"minecraft:diorite":3,"minecraft:leather_leggings":1,"minecraft:diamond_boots":1,"minecraft:stone_pickaxe":607,"minecraft:wooden_pickaxe":59,"minecraft:composter":1,"minecraft:white_wool":2,"minecraft:sand":3,"minecraft:blast_furnace":2,"minecraft:crossbow":6,"minecraft:shears":16,"minecraft:firework_rocket":1,"minecraft:bread":17,"minecraft:string":1,"minecraft:gravel":32,"minecraft:golden_helmet":1,"minecraft:wooden_sword":43,"minecraft:chain":6,"minecraft:andesite":28,"minecraft:golden_pickaxe":10,"minecraft:experience_bottle":2,"minecraft:stone_sword":127,"minecraft:cooked_chicken":3,"minecraft:orange_bed":1,"minecraft:torch":191,"minecraft:brewing_stand":2,"minecraft:dirt":14,"minecraft:wooden_axe":61,"minecraft:beef":3,"minecraft:cooked_beef":36,"minecraft:cobbled_deepslate":92,"minecraft:pumpkin":3,"minecraft:iron_leggings":1,"sophisticatedbackpacks:gold_backpack":1,"minecraft:wheat_seeds":7,"minecraft:cooked_mutton":5,"minecraft:water_bucket":63,"minecraft:baked_potato":1,"minecraft:cauldron":2,"minecraft:stonecutter":4,"minecraft:leather_boots":2,"minecraft:crafting_table":20,"minecraft:spruce_log":1,"minecraft:smoker":2,"minecraft:black_wool":1,"minecraft:iron_pickaxe":640,"minecraft:spruce_trapdoor":2,"minecraft:stone_axe":277,"minecraft:purple_bed":14,"minecraft:white_banner":3,"minecraft:cooked_porkchop":16,"minecraft:bucket":66,"minecraft:pumpkin_pie":1},"minecraft:mined":{"minecraft:brewing_stand":2,"minecraft:granite":3,"minecraft:acacia_log":1,"minecraft:grass_block":12,"minecraft:brown_wool":3,"minecraft:jungle_log":77,"minecraft:coal_block":16,"minecraft:composter":1,"vinery:apple_log":7,"farmersdelight:wild_rice":4,"minecraft:iron_ore":96,"minecraft:cobbled_deepslate":12,"minecraft:pumpkin":10,"minecraft:deepslate_lapis_ore":15,"minecraft:water_cauldron":2,"minecraft:tripwire":1,"minecraft:orange_bed":1,"minecraft:deepslate_redstone_ore":25,"minecraft:brown_mushroom":2,"minecraft:smoker":2,"minecraft:torch":8,"minecraft:blast_furnace":2,"minecraft:melon":1,"minecraft:cobblestone":3,"minecraft:sugar_cane":7,"minecraft:damaged_anvil":1,"minecraft:wall_torch":12,"vinery:white_grape_bush":1,"minecraft:deepslate_copper_ore":3,"minecraft:chain":12,"farmersdelight:sandy_shrub":1,"minecraft:birch_log":21,"minecraft:wheat":11,"minecraft:grass":33,"minecraft:oak_log":21,"minecraft:acacia_fence":1,"minecraft:sand":7,"minecraft:dirt":22,"minecraft:stonecutter":4,"minecraft:oak_leaves":4,"minecraft:deepslate":359,"minecraft:tuff":53,"minecraft:spruce_fence":2,"farmersdelight:wild_cabbages":1,"minecraft:spruce_leaves":16,"minecraft:large_fern":1,"minecraft:hay_block":148,"minecraft:furnace":6,"minecraft:andesite":42,"minecraft:deepslate_iron_ore":18,"minecraft:bamboo":24,"minecraft:stone":301,"minecraft:white_wool":34,"vinery:dark_cherry_log":7,"minecraft:brown_carpet":1,"minecraft:oak_fence":1,"minecraft:crafting_table":19,"minecraft:tall_grass":10,"minecraft:copper_ore":14,"minecraft:deepslate_gold_ore":33,"minecraft:diorite":31,"supplementaries:urn":11,"farmersdelight:wild_beetroots":8,"minecraft:purple_bed":15,"minecraft:ice":1,"minecraft:white_carpet":3,"minecraft:spruce_log":130,"minecraft:coal_ore":204,"minecraft:cocoa":6,"minecraft:sunflower":1,"minecraft:gravel":39,"minecraft:cobweb":92,"minecraft:stone_bricks":2,"minecraft:fern":2}},"DataVersion":3465}