{"stats":{"minecraft:killed":{"minecraft:cave_spider":3,"minecraft:witch":1,"minecraft:spider":13,"minecraft:skeleton":20,"minecraft:chicken":6,"minecraft:piglin_brute":3,"minecraft:pig":8,"minecraft:zombie_villager":2,"minecraft:creeper":13,"minecraft:sheep":11,"minecraft:pillager":17,"minecraft:zombie":96,"minecraft:cow":28,"minecraft:vindicator":1,"minecraft:slime":13,"minecraft:drowned":3,"minecraft:rabbit":1,"minecraft:bat":2},"minecraft:crafted":{"minecraft:smooth_stone":3,"minecraft:oak_planks":32,"minecraft:cooked_chicken":6,"minecraft:lightning_rod":1,"minecraft:stone":3,"sophisticatedbackpacks:crafting_upgrade":1,"minecraft:cooked_mutton":15,"minecraft:bow":2,"minecraft:iron_boots":1,"minecraft:melon_seeds":45,"minecraft:chest":12,"minecraft:copper_block":16,"minecraft:golden_axe":2,"farmersdelight:tomato_seeds":53,"supplementaries:rope_arrow":48,"minecraft:deepslate":1,"minecraft:arrow":24,"minecraft:emerald":6,"sophisticatedbackpacks:backpack":3,"minecraft:cooked_porkchop":13,"minecraft:crafting_table":2,"vinery:dark_cherry_planks":20,"minecraft:spruce_planks":176,"minecraft:iron_helmet":1,"minecraft:baked_potato":1,"minecraft:wooden_pickaxe":1,"minecraft:brown_dye":2,"minecraft:golden_pickaxe":2,"minecraft:pumpkin_seeds":40,"supplementaries:slingshot":1,"sophisticatedbackpacks:upgrade_base":5,"minecraft:spruce_trapdoor":2,"minecraft:wooden_hoe":1,"minecraft:diamond_pickaxe":1,"minecraft:shield":2,"minecraft:stick":424,"minecraft:iron_ingot":47,"minecraft:iron_pickaxe":9,"minecraft:iron_block":8,"minecraft:stone_sword":1,"minecraft:gold_ingot":18,"minecraft:composter":9,"minecraft:shears":4,"minecraft:wooden_sword":1,"minecraft:coal":9,"minecraft:leather_boots":1,"sophisticatedbackpacks:stack_upgrade_tier_1":2,"minecraft:furnace":2,"minecraft:blast_furnace":1,"sophisticatedbackpacks:stack_upgrade_starter_tier":2,"minecraft:bone_meal":30,"minecraft:iron_axe":5,"minecraft:stone_pickaxe":5,"sophisticatedbackpacks:iron_backpack":2,"minecraft:wheat":739,"minecraft:cooked_beef":51,"minecraft:coal_block":6,"minecraft:red_dye":1,"elevatorid:elevator_brown":2,"minecraft:leather_helmet":1,"sophisticatedbackpacks:gold_backpack":2,"minecraft:bucket":1,"minecraft:stone_axe":2,"minecraft:enchanted_book":1,"minecraft:jungle_slab":72,"minecraft:air":0,"minecraft:bread":276,"minecraft:jungle_planks":372,"minecraft:wooden_axe":1,"minecraft:iron_shovel":2,"minecraft:torch":164},"minecraft:mined":{"minecraft:spruce_planks":5,"farmersdelight:rich_soil":2,"minecraft:farmland":6,"sophisticatedbackpacks:gold_backpack":1,"minecraft:brewing_stand":2,"minecraft:obsidian":7,"minecraft:granite":7,"minecraft:grass_block":1007,"minecraft:acacia_log":1,"minecraft:brown_wool":3,"minecraft:jungle_log":320,"minecraft:cracked_polished_blackstone_bricks":32,"minecraft:coal_block":16,"minecraft:composter":8,"minecraft:spawner":1,"vinery:apple_log":7,"minecraft:polished_blackstone_bricks":22,"farmersdelight:wild_rice":4,"minecraft:iron_ore":156,"minecraft:fire":4,"minecraft:cobbled_deepslate":25,"minecraft:pumpkin":22,"minecraft:deepslate_lapis_ore":33,"supplementaries:stick":1,"minecraft:pointed_dripstone":3,"minecraft:water_cauldron":2,"minecraft:dirt_path":7,"minecraft:spruce_slab":5,"minecraft:tripwire":1,"minecraft:orange_bed":1,"minecraft:deepslate_redstone_ore":39,"minecraft:brown_mushroom":2,"minecraft:blackstone":8,"minecraft:smoker":2,"minecraft:soul_fire":1,"minecraft:torch":23,"minecraft:blast_furnace":2,"minecraft:melon":8,"minecraft:chest":6,"farmersdelight:brown_mushroom_colony":4,"farmersdelight:cabbages":51,"minecraft:cobblestone":71,"minecraft:damaged_anvil":1,"minecraft:grindstone":2,"minecraft:sugar_cane":12,"minecraft:wall_torch":13,"vinery:white_grape_bush":1,"minecraft:deepslate_copper_ore":9,"minecraft:chain":16,"farmersdelight:sandy_shrub":1,"minecraft:birch_log":21,"farmersdelight:cutting_board":1,"minecraft:wheat":97,"minecraft:pumpkin_stem":1,"minecraft:tnt":7,"minecraft:grass":322,"minecraft:oak_log":21,"minecraft:beetroots":33,"minecraft:acacia_fence":1,"minecraft:sand":7,"minecraft:dirt":107,"minecraft:stonecutter":4,"minecraft:netherrack":180,"minecraft:oak_leaves":4,"minecraft:deepslate":526,"minecraft:attached_pumpkin_stem":1,"minecraft:nether_gold_ore":12,"minecraft:tuff":55,"farmersdelight:onions":10,"minecraft:deepslate_diamond_ore":5,"vinery:dark_cherry_planks":20,"minecraft:glow_lichen":7,"minecraft:ladder":5,"minecraft:spruce_fence":2,"minecraft:jungle_planks":68,"farmersdelight:tomatoes":1,"minecraft:spruce_leaves":31,"farmersdelight:wild_cabbages":1,"minecraft:large_fern":1,"minecraft:hay_block":148,"supplementaries:rope":13,"minecraft:furnace":6,"minecraft:carrots":46,"supplementaries:flax":86,"minecraft:andesite":42,"minecraft:bookshelf":8,"minecraft:potatoes":48,"minecraft:deepslate_iron_ore":187,"minecraft:vine":4,"minecraft:lantern":31,"minecraft:bamboo":24,"minecraft:stone":327,"minecraft:white_wool":36,"vinery:dark_cherry_log":12,"minecraft:brown_carpet":1,"minecraft:basalt":5,"minecraft:dandelion":1,"minecraft:oak_fence":1,"minecraft:crafting_table":19,"minecraft:cornflower":1,"minecraft:lightning_rod":1,"minecraft:copper_ore":39,"minecraft:tall_grass":18,"minecraft:lapis_ore":3,"minecraft:deepslate_gold_ore":88,"minecraft:diorite":34,"minecraft:spruce_stairs":2,"supplementaries:urn":64,"farmersdelight:wild_beetroots":8,"minecraft:purple_bed":16,"minecraft:sweet_berry_bush":7,"minecraft:ice":1,"minecraft:white_carpet":3,"minecraft:spruce_log":642,"elevatorid:elevator_white":2,"minecraft:cocoa":47,"minecraft:coal_ore":279,"minecraft:sunflower":1,"minecraft:gravel":39,"minecraft:cobweb":92,"minecraft:stone_bricks":2,"minecraft:fern":6},"minecraft:picked_up":{"minecraft:wheat":100,"minecraft:lead":1,"minecraft:diamond_sword":3,"minecraft:potion":2,"minecraft:enchanted_book":3,"minecraft:gilded_blackstone":29,"minecraft:nether_brick":33,"minecraft:stone_brick_stairs":16,"minecraft:brewing_stand":2,"farmersdelight:cutting_board":1,"minecraft:music_disc_cat":1,"minecraft:string":168,"minecraft:raw_copper":184,"minecraft:iron_leggings":4,"minecraft:netherite_ingot":3,"minecraft:experience_bottle":2,"minecraft:zombie_head":2,"minecraft:beetroot":32,"minecraft:gold_nugget":48,"minecraft:cobbled_deepslate":728,"minecraft:bucket":2,"farmersdelight:cabbage":45,"minecraft:spruce_planks":13,"minecraft:netherite_upgrade_smithing_template":2,"minecraft:iron_pickaxe":6,"minecraft:melon_slice":45,"minecraft:coal_block":16,"vinery:dark_cherry_planks":20,"farmersdelight:cabbage_seeds":132,"minecraft:iron_boots":1,"minecraft:furnace":6,"minecraft:tipped_arrow":3,"minecraft:golden_helmet":2,"minecraft:stick":82,"minecraft:acacia_fence":1,"farmersdelight:rotten_tomato":4,"minecraft:composter":8,"minecraft:oak_fence":2,"minecraft:torch":248,"minecraft:spruce_stairs":12,"minecraft:porkchop":16,"minecraft:golden_axe":3,"minecraft:pointed_dripstone":41,"minecraft:diorite":36,"supplementaries:flax":70,"minecraft:cauldron":2,"farmersdelight:fried_egg":4,"minecraft:brown_carpet":2,"minecraft:orange_bed":2,"minecraft:stone_sword":2,"minecraft:rotten_flesh":144,"farmersdelight:onion":33,"supplementaries:antique_ink":9,"farmersdelight:rope":11,"supplementaries:ash":172,"vinery:dark_cherry_log":12,"minecraft:obsidian":35,"vinery:apple_log":7,"minecraft:cobblestone":462,"minecraft:birch_log":21,"minecraft:feather":7,"minecraft:cooked_beef":55,"farmersdelight:rice":4,"minecraft:jungle_log":320,"minecraft:water_bucket":6,"minecraft:andesite":52,"minecraft:brown_wool":3,"minecraft:golden_leggings":4,"minecraft:smoker":2,"minecraft:potato":111,"minecraft:flint":4,"minecraft:tuff":60,"supplementaries:flax_seeds":174,"supplementaries:slingshot":1,"minecraft:lapis_lazuli":264,"farmersdelight:tomato":49,"minecraft:dirt":1129,"minecraft:lantern":31,"minecraft:leather_boots":2,"minecraft:bone":119,"farmersdelight:iron_knife":1,"minecraft:stonecutter":4,"minecraft:bow":13,"minecraft:wheat_seeds":313,"minecraft:raw_gold":187,"minecraft:grindstone":2,"minecraft:bamboo":253,"minecraft:glow_lichen":6,"minecraft:cooked_porkchop":3,"vinery:dark_cherry_sapling":4,"minecraft:sand":3,"minecraft:jungle_planks":64,"sophisticatedbackpacks:iron_backpack":1,"minecraft:spectral_arrow":81,"minecraft:iron_hoe":2,"minecraft:diamond":10,"minecraft:spruce_boat":2,"minecraft:cracked_polished_blackstone_bricks":29,"minecraft:crossbow":5,"minecraft:granite":17,"minecraft:grass":4,"minecraft:bone_meal":41,"minecraft:emerald":25,"minecraft:bread":244,"minecraft:oak_sapling":8,"minecraft:netherrack":157,"sophisticatedbackpacks:gold_backpack":7,"minecraft:cocoa_beans":122,"minecraft:crafting_table":20,"minecraft:splash_potion":3,"minecraft:chicken":6,"minecraft:ladder":5,"minecraft:golden_pickaxe":2,"minecraft:leather_leggings":2,"minecraft:brown_mushroom":21,"minecraft:gold_block":7,"minecraft:chain":16,"minecraft:shield":3,"minecraft:compass":1,"minecraft:item_frame":5,"minecraft:white_carpet":5,"minecraft:iron_shovel":1,"minecraft:blackstone":103,"vinery:apple_tree_sapling":2,"minecraft:beef":54,"farmersdelight:straw":40,"minecraft:oak_boat":1,"minecraft:jungle_sapling":20,"minecraft:iron_nugget":14,"minecraft:poppy":1,"minecraft:light_gray_wool":37,"minecraft:spruce_slab":13,"supplementaries:rope":13,"minecraft:sugar_cane":30,"minecraft:chest":6,"minecraft:birch_sapling":3,"minecraft:phantom_membrane":1,"minecraft:egg":7,"minecraft:raw_iron":503,"minecraft:copper_ingot":1,"sophisticatedbackpacks:backpack":1,"minecraft:spruce_fence":4,"minecraft:fire_charge":8,"minecraft:polished_blackstone_bricks":19,"farmersdelight:tomato_seeds":1,"minecraft:carrot":159,"minecraft:redstone":364,"minecraft:iron_horse_armor":1,"minecraft:tnt":12,"minecraft:arrow":69,"minecraft:stone_shovel":1,"minecraft:diamond_chestplate":1,"minecraft:beetroot_seeds":101,"minecraft:pumpkin_pie":2,"minecraft:shears":1,"vinery:white_grape_seeds":3,"minecraft:hay_block":147,"minecraft:saddle":1,"minecraft:gold_ingot":34,"minecraft:mutton":16,"minecraft:skeleton_skull":1,"minecraft:white_wool":1012,"minecraft:rail":1,"minecraft:oxeye_daisy":2,"farmersdelight:rich_soil":6,"minecraft:basalt":5,"minecraft:leather":59,"vinery:straw_hat":1,"supplementaries:rope_arrow":1,"minecraft:oak_log":16,"minecraft:gunpowder":14,"farmersdelight:skillet":1,"minecraft:white_banner":6,"mob_grinding_utils:xp_tap":1,"minecraft:stone_bricks":2,"minecraft:rabbit_hide":1,"minecraft:iron_ingot":62,"minecraft:stone_pickaxe":2,"minecraft:iron_sword":7,"farmersdelight:hot_cocoa":1,"minecraft:soul_sand":23,"minecraft:book":26,"elevatorid:elevator_white":2,"minecraft:scaffolding":2,"minecraft:pumpkin":22,"minecraft:sweet_berries":84,"minecraft:quartz":29,"minecraft:dandelion":2,"minecraft:gravel":92,"minecraft:spruce_sapling":129,"minecraft:blast_furnace":2,"minecraft:spruce_log":653,"minecraft:crying_obsidian":9,"minecraft:spider_eye":9,"minecraft:leather_helmet":2,"minecraft:firework_rocket":1,"minecraft:pumpkin_seeds":1,"minecraft:purple_bed":18,"minecraft:slime_ball":15,"minecraft:stone_axe":7,"minecraft:gray_wool":35,"naturescompass:naturescompass":3,"minecraft:damaged_anvil":1,"minecraft:black_wool":65,"minecraft:coal":372,"minecraft:ender_pearl":6},"minecraft:broken":{"minecraft:iron_shovel":5,"minecraft:shears":1,"minecraft:stone_pickaxe":4,"minecraft:wooden_sword":1,"minecraft:stone_axe":3,"minecraft:wooden_axe":1,"minecraft:iron_hoe":2,"minecraft:wooden_pickaxe":1,"minecraft:iron_axe":3,"minecraft:iron_pickaxe":6,"minecraft:golden_pickaxe":1,"minecraft:wooden_hoe":2},"minecraft:custom":{"minecraft:interact_with_crafting_table":95,"minecraft:bell_ring":1,"minecraft:eat_cake_slice":5,"minecraft:leave_game":12,"minecraft:time_since_death":291195,"minecraft:sprint_one_cm":2993037,"minecraft:damage_blocked_by_shield":2015,"minecraft:drop":284,"minecraft:talked_to_villager":10,"minecraft:play_time":1831865,"minecraft:deaths":31,"minecraft:jump":14756,"minecraft:walk_on_water_one_cm":113257,"minecraft:interact_with_furnace":52,"minecraft:traded_with_villager":7,"minecraft:interact_with_cartography_table":1,"minecraft:interact_with_loom":1,"minecraft:sleep_in_bed":111,"minecraft:damage_dealt":20416,"minecraft:crouch_one_cm":24372,"minecraft:interact_with_smoker":9,"minecraft:horse_one_cm":527931,"minecraft:interact_with_anvil":3,"minecraft:mob_kills":245,"minecraft:climb_one_cm":29766,"minecraft:walk_one_cm":3011860,"minecraft:raid_win":1,"minecraft:sneak_time":12063,"minecraft:walk_under_water_one_cm":56713,"minecraft:boat_one_cm":383701,"minecraft:interact_with_blast_furnace":20,"minecraft:total_world_time":1831865,"minecraft:interact_with_stonecutter":2,"minecraft:interact_with_grindstone":4,"minecraft:time_since_rest":4098,"minecraft:damage_taken":16086,"minecraft:swim_one_cm":38123,"minecraft:fly_one_cm":3355807,"minecraft:open_chest":589,"minecraft:fall_one_cm":441814},"minecraft:used":{"minecraft:beetroot":31,"minecraft:iron_shovel":1509,"minecraft:spruce_slab":5,"farmersdelight:cabbage_seeds":141,"minecraft:shield":89,"minecraft:chest":12,"farmersdelight:cabbage":45,"minecraft:iron_sword":353,"minecraft:iron_chestplate":1,"minecraft:cocoa_beans":120,"minecraft:jungle_planks":103,"minecraft:carrot":175,"vinery:dark_cherry_sapling":2,"minecraft:milk_bucket":3,"minecraft:spruce_boat":2,"minecraft:lava_bucket":1,"minecraft:iron_helmet":1,"vinery:straw_hat":1,"mob_grinding_utils:tank_sink":1,"vinery:dark_cherry_planks":20,"minecraft:item_frame":1,"farmersdelight:cutting_board":1,"minecraft:bow":361,"minecraft:scaffolding":2,"minecraft:sweet_berries":95,"supplementaries:ash":1,"minecraft:furnace":8,"minecraft:cooked_cod":6,"minecraft:beetroot_seeds":116,"minecraft:acacia_fence":1,"minecraft:skeleton_skull":1,"minecraft:egg":7,"minecraft:potato":156,"minecraft:damaged_anvil":1,"elevatorid:elevator_brown":3,"minecraft:diorite":3,"minecraft:diamond_boots":1,"minecraft:leather_leggings":1,"minecraft:sugar_cane":12,"minecraft:stone_pickaxe":607,"mob_grinding_utils:xp_tap":1,"minecraft:wooden_pickaxe":59,"minecraft:blackstone":6,"minecraft:composter":18,"minecraft:white_wool":4,"elevatorid:elevator_white":3,"minecraft:sand":3,"minecraft:blast_furnace":2,"minecraft:crossbow":6,"supplementaries:flax":44,"minecraft:shears":16,"minecraft:pumpkin_seeds":43,"mob_grinding_utils:tank":1,"minecraft:lightning_rod":1,"minecraft:firework_rocket":1,"minecraft:string":1,"minecraft:bread":139,"minecraft:zombie_head":2,"minecraft:deepslate":1,"minecraft:gravel":32,"minecraft:golden_helmet":1,"supplementaries:flax_seeds":154,"minecraft:wooden_sword":43,"minecraft:grindstone":2,"minecraft:andesite":28,"minecraft:chain":10,"minecraft:bone_meal":48,"minecraft:golden_pickaxe":48,"minecraft:experience_bottle":2,"minecraft:stone_sword":127,"minecraft:flint_and_steel":3,"minecraft:spruce_planks":3,"farmersdelight:rich_soil":5,"minecraft:stick":1,"minecraft:orange_bed":1,"minecraft:cooked_chicken":3,"minecraft:netherrack":142,"minecraft:torch":505,"minecraft:brewing_stand":2,"minecraft:dirt":1102,"elevatorid:elevator_black":2,"minecraft:wheat":80,"minecraft:spruce_stairs":6,"minecraft:glow_lichen":6,"minecraft:iron_hoe":737,"minecraft:wooden_axe":61,"minecraft:iron_axe":853,"minecraft:jungle_log":66,"minecraft:iron_boots":1,"minecraft:melon_seeds":41,"minecraft:beef":3,"farmersdelight:tomato_seeds":62,"minecraft:pointed_dripstone":3,"minecraft:pumpkin":5,"minecraft:cooked_beef":36,"minecraft:golden_axe":22,"sophisticatedbackpacks:gold_backpack":3,"minecraft:cobbled_deepslate":144,"minecraft:iron_leggings":1,"minecraft:cooked_mutton":5,"minecraft:wheat_seeds":300,"farmersdelight:iron_knife":137,"minecraft:water_bucket":145,"minecraft:baked_potato":1,"minecraft:brown_mushroom":17,"minecraft:cauldron":2,"minecraft:stonecutter":4,"minecraft:leather_boots":2,"supplementaries:slingshot":8,"minecraft:polished_blackstone_bricks":11,"farmersdelight:onion":34,"minecraft:tnt":2,"minecraft:crafting_table":20,"minecraft:spruce_log":2,"minecraft:smoker":2,"farmersdelight:hot_cocoa":1,"minecraft:wooden_hoe":127,"minecraft:diamond_pickaxe":7,"minecraft:black_wool":1,"minecraft:cracked_polished_blackstone_bricks":25,"minecraft:iron_pickaxe":1670,"minecraft:spruce_trapdoor":2,"minecraft:golden_leggings":1,"minecraft:stone_axe":356,"minecraft:purple_bed":15,"minecraft:cobblestone":5,"minecraft:potion":1,"minecraft:white_banner":3,"minecraft:cooked_porkchop":16,"minecraft:bucket":153,"minecraft:pumpkin_pie":1,"minecraft:dandelion":1},"minecraft:dropped":{"naturescompass:naturescompass":2,"farmersdelight:iron_knife":1,"minecraft:iron_sword":1,"sophisticatedbackpacks:stack_upgrade_tier_1":1,"minecraft:cooked_beef":9,"minecraft:glass_bottle":1,"minecraft:crossbow":1,"vinery:white_grape_seeds":3,"minecraft:lantern":30,"minecraft:leather":8,"minecraft:saddle":1,"minecraft:leather_helmet":1,"minecraft:flint":1,"sophisticatedbackpacks:gold_backpack":2,"minecraft:emerald":10,"minecraft:dirt":1,"minecraft:grass":4,"minecraft:mutton":1,"farmersdelight:onion":10,"minecraft:pumpkin_pie":1,"minecraft:bone_meal":21,"minecraft:iron_pickaxe":1,"minecraft:white_wool":909,"minecraft:gold_ingot":98,"minecraft:sugar_cane":18,"minecraft:stone_axe":2,"minecraft:compass":2,"minecraft:cooked_chicken":3,"minecraft:wheat":5,"minecraft:obsidian":40,"minecraft:pointed_dripstone":1,"minecraft:beetroot":1,"minecraft:rotten_flesh":5,"vinery:straw_hat":1,"supplementaries:antique_ink":1,"supplementaries:ash":5,"minecraft:jungle_log":1,"minecraft:spruce_slab":8,"minecraft:arrow":13,"minecraft:enchanted_book":1,"minecraft:iron_ingot":15,"minecraft:bread":57,"minecraft:wheat_seeds":12,"farmersdelight:skillet":1,"minecraft:golden_horse_armor":1,"minecraft:feather":1,"minecraft:cobblestone":257,"minecraft:copper_ingot":1,"minecraft:spruce_stairs":6,"minecraft:gray_wool":34,"minecraft:milk_bucket":1,"minecraft:red_dye":1,"minecraft:orange_bed":1,"minecraft:iron_shovel":2,"minecraft:string":27,"farmersdelight:rich_soil":1,"minecraft:bucket":1,"minecraft:spruce_sapling":4,"minecraft:redstone":6,"minecraft:raw_copper":6,"farmersdelight:cabbage_seeds":2,"minecraft:white_carpet":2,"minecraft:light_gray_wool":44,"minecraft:iron_hoe":1,"sophisticatedbackpacks:backpack":2,"farmersdelight:straw":40,"minecraft:name_tag":1,"minecraft:spruce_fence":1,"minecraft:shears":1,"minecraft:pumpkin_seeds":2,"farmersdelight:fried_egg":2,"vinery:dark_cherry_log":7,"minecraft:spruce_planks":6,"minecraft:purple_bed":3,"minecraft:bamboo":259,"minecraft:spruce_log":544,"minecraft:diamond_boots":1,"minecraft:bow":3,"minecraft:stone_pickaxe":1,"minecraft:black_wool":64},"minecraft:killed_by":{"minecraft:piglin_brute":9,"minecraft:magma_cube":5,"minecraft:piglin":1,"minecraft:spider":1}},"DataVersion":3465}