{"stats":{"minecraft:used":{"minecraft:wheat_seeds":7,"minecraft:cooked_mutton":3,"minecraft:stone_sword":13,"minecraft:stone_pickaxe":21,"minecraft:baked_potato":1,"minecraft:wooden_pickaxe":59,"minecraft:torch":1,"minecraft:crafting_table":5,"minecraft:wooden_axe":61,"minecraft:bread":2,"minecraft:stone_axe":1,"minecraft:wooden_sword":43,"minecraft:furnace":2,"minecraft:egg":1},"minecraft:picked_up":{"minecraft:wheat":7,"minecraft:crafting_table":4,"minecraft:feather":4,"minecraft:chicken":3,"minecraft:leather":13,"minecraft:brown_mushroom":2,"minecraft:smoker":1,"minecraft:brewing_stand":1,"minecraft:string":11,"minecraft:dirt":4,"minecraft:stonecutter":1,"minecraft:wheat_seeds":17,"minecraft:rabbit_hide":1,"minecraft:spruce_planks":1,"minecraft:beef":18,"farmersdelight:cabbage_seeds":4,"minecraft:furnace":1,"minecraft:egg":1,"minecraft:stick":7,"minecraft:pumpkin":7,"minecraft:sweet_berries":5,"minecraft:composter":1,"minecraft:porkchop":3,"minecraft:spruce_sapling":8,"minecraft:blast_furnace":2,"minecraft:spruce_log":40,"minecraft:cauldron":2,"minecraft:purple_bed":2,"minecraft:rotten_flesh":3,"minecraft:gray_wool":1,"minecraft:coal":13,"minecraft:mutton":5,"minecraft:white_wool":2,"minecraft:cobblestone":58},"minecraft:killed":{"minecraft:pig":1,"minecraft:rabbit":1,"minecraft:sheep":3,"minecraft:zombie":2,"minecraft:chicken":3,"minecraft:cow":10},"minecraft:mined":{"minecraft:brown_mushroom":2,"minecraft:smoker":1,"minecraft:brewing_stand":1,"minecraft:crafting_table":4,"minecraft:blast_furnace":2,"minecraft:grass_block":1,"minecraft:spruce_leaves":9,"minecraft:composter":1,"minecraft:purple_bed":2,"minecraft:furnace":1,"minecraft:wheat":7,"minecraft:spruce_log":41,"minecraft:pumpkin":7,"minecraft:coal_ore":13,"minecraft:water_cauldron":2,"minecraft:dirt":3,"minecraft:cobweb":11,"minecraft:stonecutter":1,"minecraft:stone":58,"minecraft:fern":1},"minecraft:custom":{"minecraft:interact_with_furnace":11,"minecraft:mob_kills":20,"minecraft:interact_with_crafting_table":11,"minecraft:interact_with_loom":1,"minecraft:leave_game":2,"minecraft:time_since_death":41020,"minecraft:sleep_in_bed":1,"minecraft:climb_one_cm":531,"minecraft:time_since_rest":15667,"minecraft:sprint_one_cm":100128,"minecraft:damage_taken":150,"minecraft:walk_one_cm":96985,"minecraft:drop":2,"minecraft:damage_dealt":1857,"minecraft:fly_one_cm":56165,"minecraft:open_chest":3,"minecraft:crouch_one_cm":26,"minecraft:play_time":41020,"minecraft:sneak_time":88,"minecraft:jump":431,"minecraft:interact_with_blast_furnace":1,"minecraft:total_world_time":41020,"minecraft:interact_with_smoker":1,"minecraft:fall_one_cm":7857},"minecraft:dropped":{"minecraft:wheat":1,"minecraft:spruce_planks":1},"minecraft:broken":{"minecraft:wooden_sword":1,"minecraft:wooden_axe":1,"minecraft:wooden_pickaxe":1},"minecraft:crafted":{"minecraft:cooked_beef":7,"minecraft:wooden_sword":1,"minecraft:crafting_table":1,"minecraft:spruce_planks":176,"minecraft:baked_potato":1,"minecraft:cooked_chicken":3,"minecraft:wooden_pickaxe":1,"minecraft:furnace":1,"minecraft:stone_axe":1,"minecraft:bread":2,"minecraft:cooked_mutton":5,"minecraft:air":0,"minecraft:stick":12,"minecraft:stone_pickaxe":3,"minecraft:wooden_axe":1,"minecraft:stone_sword":1,"minecraft:chest":1,"minecraft:torch":12}},"DataVersion":3465}