{
  "minecraft:recipes/decorations/crafting_table": {
    "criteria": {
      "unlock_right_away": "2024-07-14 04:25:21 +0000"
    },
    "done": true
  },
  "minecraft:adventure/adventuring_time": {
    "criteria": {
      "minecraft:taiga": "2024-07-14 05:46:51 +0000",
      "minecraft:deep_ocean": "2024-07-14 05:26:59 +0000",
      "minecraft:birch_forest": "2024-07-14 04:25:22 +0000",
      "minecraft:beach": "2024-07-14 05:26:02 +0000",
      "minecraft:river": "2024-07-14 05:19:21 +0000",
      "minecraft:swamp": "2024-07-14 04:58:34 +0000",
      "minecraft:cold_ocean": "2024-07-14 05:31:03 +0000",
      "minecraft:forest": "2024-07-14 05:19:57 +0000",
      "minecraft:deep_cold_ocean": "2024-07-14 05:30:25 +0000",
      "minecraft:windswept_forest": "2024-07-14 04:25:59 +0000",
      "minecraft:jungle": "2024-07-14 05:03:17 +0000",
      "minecraft:ocean": "2024-07-14 05:26:28 +0000",
      "minecraft:windswept_savanna": "2024-07-14 05:43:34 +0000",
      "minecraft:old_growth_birch_forest": "2024-07-14 05:19:26 +0000",
      "minecraft:plains": "2024-07-14 05:38:57 +0000"
    },
    "done": false
  },
  "mcwbridges:recipes/spruce_bridge_pier": {
    "criteria": {
      "has_planks": "2024-07-14 04:26:47 +0000"
    },
    "done": true
  },
  "minecraft:recipes/building_blocks/spruce_wood": {
    "criteria": {
      "has_log": "2024-07-14 04:26:47 +0000"
    },
    "done": true
  },
  "minecraft:recipes/building_blocks/spruce_planks": {
    "criteria": {
      "has_logs": "2024-07-14 04:26:47 +0000"
    },
    "done": true
  },
  "minecraft:recipes/misc/charcoal": {
    "criteria": {
      "has_log": "2024-07-14 04:26:47 +0000"
    },
    "done": true
  },
  "mcwfurnitures:recipes/spruce": {
    "criteria": {
      "has_wood": "2024-07-14 04:26:47 +0000"
    },
    "done": true
  },
  "mcwwindows:recipes/spruce": {
    "criteria": {
      "has_wood": "2024-07-14 04:26:47 +0000"
    },
    "done": true
  },
  "mcwdoors:recipes/spruce": {
    "criteria": {
      "has_wood": "2024-07-14 04:26:47 +0000"
    },
    "done": true
  },
  "minecraft:recipes/decorations/ladder": {
    "criteria": {
      "has_stick": "2024-07-14 04:28:06 +0000"
    },
    "done": true
  },
  "minecraft:recipes/tools/wooden_axe": {
    "criteria": {
      "has_stick": "2024-07-14 04:28:06 +0000"
    },
    "done": true
  },
  "minecraft:recipes/decorations/campfire": {
    "criteria": {
      "has_stick": "2024-07-14 04:28:06 +0000"
    },
    "done": true
  },
  "minecraft:recipes/tools/wooden_hoe": {
    "criteria": {
      "has_stick": "2024-07-14 04:28:06 +0000"
    },
    "done": true
  },
  "minecraft:recipes/tools/wooden_pickaxe": {
    "criteria": {
      "has_stick": "2024-07-14 04:28:06 +0000"
    },
    "done": true
  },
  "minecraft:recipes/tools/wooden_shovel": {
    "criteria": {
      "has_stick": "2024-07-14 04:28:06 +0000"
    },
    "done": true
  },
  "minecraft:recipes/combat/wooden_sword": {
    "criteria": {
      "has_stick": "2024-07-14 04:28:06 +0000"
    },
    "done": true
  },
  "mcwbridges:recipes/spruce_rail_bridge": {
    "criteria": {
      "has_planks": "2024-07-14 04:31:25 +0000"
    },
    "done": true
  },
  "mcwbridges:recipes/rope_spruce_bridge": {
    "criteria": {
      "has_planks": "2024-07-14 04:31:25 +0000"
    },
    "done": true
  },
  "minecraft:recipes/decorations/spruce_sign": {
    "criteria": {
      "has_planks": "2024-07-14 04:31:25 +0000"
    },
    "done": true
  },
  "minecraft:recipes/misc/stick": {
    "criteria": {
      "has_planks": "2024-07-14 04:31:25 +0000"
    },
    "done": true
  },
  "minecraft:recipes/decorations/spruce_fence": {
    "criteria": {
      "has_planks": "2024-07-14 04:31:25 +0000"
    },
    "done": true
  },
  "minecraft:recipes/building_blocks/spruce_slab": {
    "criteria": {
      "has_planks": "2024-07-14 04:31:25 +0000"
    },
    "done": true
  },
  "minecraft:recipes/redstone/spruce_button": {
    "criteria": {
      "has_planks": "2024-07-14 04:31:25 +0000"
    },
    "done": true
  },
  "minecraft:recipes/redstone/spruce_pressure_plate": {
    "criteria": {
      "has_planks": "2024-07-14 04:31:25 +0000"
    },
    "done": true
  },
  "mcwbridges:recipes/spruce_log_bridge_middle": {
    "criteria": {
      "has_planks": "2024-07-14 04:31:25 +0000"
    },
    "done": true
  },
  "minecraft:recipes/redstone/spruce_trapdoor": {
    "criteria": {
      "has_planks": "2024-07-14 04:31:25 +0000"
    },
    "done": true
  },
  "minecraft:recipes/redstone/spruce_door": {
    "criteria": {
      "has_planks": "2024-07-14 04:31:25 +0000"
    },
    "done": true
  },
  "minecraft:recipes/redstone/spruce_fence_gate": {
    "criteria": {
      "has_planks": "2024-07-14 04:31:25 +0000"
    },
    "done": true
  },
  "minecraft:recipes/decorations/barrel": {
    "criteria": {
      "has_planks": "2024-07-14 04:31:25 +0000"
    },
    "done": true
  },
  "minecraft:recipes/building_blocks/spruce_stairs": {
    "criteria": {
      "has_planks": "2024-07-14 04:31:25 +0000"
    },
    "done": true
  },
  "minecraft:story/root": {
    "criteria": {
      "crafting_table": "2024-07-14 04:31:31 +0000"
    },
    "done": true
  },
  "minecraft:recipes/redstone/lever": {
    "criteria": {
      "has_cobblestone": "2024-07-14 04:32:04 +0000"
    },
    "done": true
  },
  "minecraft:recipes/combat/stone_sword": {
    "criteria": {
      "has_cobblestone": "2024-07-14 04:32:04 +0000"
    },
    "done": true
  },
  "minecraft:recipes/decorations/cobblestone_wall": {
    "criteria": {
      "has_cobblestone": "2024-07-14 04:32:04 +0000"
    },
    "done": true
  },
  "minecraft:recipes/tools/stone_axe": {
    "criteria": {
      "has_cobblestone": "2024-07-14 04:32:04 +0000"
    },
    "done": true
  },
  "minecraft:story/mine_stone": {
    "criteria": {
      "get_stone": "2024-07-14 04:32:04 +0000"
    },
    "done": true
  },
  "minecraft:recipes/decorations/furnace": {
    "criteria": {
      "has_cobblestone": "2024-07-14 04:32:04 +0000"
    },
    "done": true
  },
  "minecraft:recipes/building_blocks/cobblestone_slab_from_cobblestone_stonecutting": {
    "criteria": {
      "has_cobblestone": "2024-07-14 04:32:04 +0000"
    },
    "done": true
  },
  "minecraft:recipes/building_blocks/stone": {
    "criteria": {
      "has_cobblestone": "2024-07-14 04:32:04 +0000"
    },
    "done": true
  },
  "mcwbridges:recipes/cobblestone_bridge": {
    "criteria": {
      "has_planks": "2024-07-14 04:32:04 +0000"
    },
    "done": true
  },
  "minecraft:recipes/tools/stone_pickaxe": {
    "criteria": {
      "has_cobblestone": "2024-07-14 04:32:04 +0000"
    },
    "done": true
  },
  "mcwbridges:recipes/cobblestone_bridge_pier": {
    "criteria": {
      "has_planks": "2024-07-14 04:32:04 +0000"
    },
    "done": true
  },
  "minecraft:recipes/building_blocks/cobblestone_slab": {
    "criteria": {
      "has_cobblestone": "2024-07-14 04:32:04 +0000"
    },
    "done": true
  },
  "mcwbridges:recipes/cobblestone_bridge_stair": {
    "criteria": {
      "has_planks": "2024-07-14 04:32:04 +0000"
    },
    "done": true
  },
  "mcwbridges:recipes/balustrade_cobblestone_bridge": {
    "criteria": {
      "has_planks": "2024-07-14 04:32:04 +0000"
    },
    "done": true
  },
  "minecraft:recipes/decorations/cobblestone_wall_from_cobblestone_stonecutting": {
    "criteria": {
      "has_cobblestone": "2024-07-14 04:32:04 +0000"
    },
    "done": true
  },
  "minecraft:recipes/building_blocks/cobblestone_stairs_from_cobblestone_stonecutting": {
    "criteria": {
      "has_cobblestone": "2024-07-14 04:32:04 +0000"
    },
    "done": true
  },
  "minecraft:recipes/building_blocks/cobblestone_stairs": {
    "criteria": {
      "has_cobblestone": "2024-07-14 04:32:04 +0000"
    },
    "done": true
  },
  "minecraft:recipes/tools/stone_hoe": {
    "criteria": {
      "has_cobblestone": "2024-07-14 04:32:04 +0000"
    },
    "done": true
  },
  "minecraft:recipes/tools/stone_shovel": {
    "criteria": {
      "has_cobblestone": "2024-07-14 04:32:04 +0000"
    },
    "done": true
  },
  "mcwbridges:recipes/granite_bridge": {
    "criteria": {
      "has_planks": "2024-07-14 04:33:20 +0000"
    },
    "done": true
  },
  "mcwbridges:recipes/granite_bridge_stair": {
    "criteria": {
      "has_planks": "2024-07-14 04:33:20 +0000"
    },
    "done": true
  },
  "minecraft:recipes/building_blocks/granite_slab_from_granite_stonecutting": {
    "criteria": {
      "has_granite": "2024-07-14 04:33:20 +0000"
    },
    "done": true
  },
  "mcwbridges:recipes/granite_bridge_pier": {
    "criteria": {
      "has_planks": "2024-07-14 04:33:20 +0000"
    },
    "done": true
  },
  "minecraft:recipes/decorations/granite_wall_from_granite_stonecutting": {
    "criteria": {
      "has_granite": "2024-07-14 04:33:20 +0000"
    },
    "done": true
  },
  "minecraft:recipes/building_blocks/polished_granite_from_granite_stonecutting": {
    "criteria": {
      "has_granite": "2024-07-14 04:33:20 +0000"
    },
    "done": true
  },
  "minecraft:recipes/building_blocks/granite_slab": {
    "criteria": {
      "has_granite": "2024-07-14 04:33:20 +0000"
    },
    "done": true
  },
  "mcwbridges:recipes/balustrade_granite_bridge": {
    "criteria": {
      "has_planks": "2024-07-14 04:33:20 +0000"
    },
    "done": true
  },
  "mcwwindows:recipes/granite": {
    "criteria": {
      "has_wood": "2024-07-14 04:33:20 +0000"
    },
    "done": true
  },
  "minecraft:recipes/building_blocks/granite_stairs": {
    "criteria": {
      "has_granite": "2024-07-14 04:33:20 +0000"
    },
    "done": true
  },
  "minecraft:recipes/building_blocks/granite_stairs_from_granite_stonecutting": {
    "criteria": {
      "has_granite": "2024-07-14 04:33:20 +0000"
    },
    "done": true
  },
  "minecraft:recipes/decorations/granite_wall": {
    "criteria": {
      "has_granite": "2024-07-14 04:33:20 +0000"
    },
    "done": true
  },
  "minecraft:recipes/building_blocks/polished_granite_slab_from_granite_stonecutting": {
    "criteria": {
      "has_granite": "2024-07-14 04:33:20 +0000"
    },
    "done": true
  },
  "minecraft:recipes/building_blocks/polished_granite": {
    "criteria": {
      "has_granite": "2024-07-14 04:33:20 +0000"
    },
    "done": true
  },
  "minecraft:recipes/building_blocks/polished_granite_stairs_from_granite_stonecutting": {
    "criteria": {
      "has_granite": "2024-07-14 04:33:20 +0000"
    },
    "done": true
  },
  "minecraft:recipes/decorations/chest": {
    "criteria": {
      "has_lots_of_items": "2024-07-14 04:57:40 +0000"
    },
    "done": true
  },
  "minecraft:recipes/building_blocks/coal_block": {
    "criteria": {
      "has_coal": "2024-07-14 04:58:45 +0000"
    },
    "done": true
  },
  "mcwbridges:recipes/bridge_lantern": {
    "criteria": {
      "has_planks": "2024-07-14 04:58:45 +0000"
    },
    "done": true
  },
  "mcwlights:recipes/torches": {
    "criteria": {
      "has_wood": "2024-07-14 04:58:45 +0000"
    },
    "done": true
  },
  "minecraft:recipes/decorations/torch": {
    "criteria": {
      "has_stone_pickaxe": "2024-07-14 05:00:44 +0000"
    },
    "done": true
  },
  "mcwlights:recipes/paper_lamp": {
    "criteria": {
      "has_the_recipe": "2024-07-14 05:00:44 +0000"
    },
    "done": true
  },
  "minecraft:story/upgrade_tools": {
    "criteria": {
      "stone_pickaxe": "2024-07-14 05:00:44 +0000"
    },
    "done": true
  },
  "mcwlights:recipes/tiki_torches": {
    "criteria": {
      "has_the_recipe": "2024-07-14 05:00:44 +0000"
    },
    "done": true
  },
  "mcwlights:recipes/lantern": {
    "criteria": {
      "has_the_recipe": "2024-07-14 05:00:44 +0000"
    },
    "done": true
  },
  "minecraft:recipes/misc/copper_ingot_from_blasting_raw_copper": {
    "criteria": {
      "has_raw_copper": "2024-07-14 05:02:44 +0000"
    },
    "done": true
  },
  "minecraft:recipes/building_blocks/raw_copper_block": {
    "criteria": {
      "has_raw_copper": "2024-07-14 05:02:44 +0000"
    },
    "done": true
  },
  "minecraft:recipes/misc/copper_ingot_from_smelting_raw_copper": {
    "criteria": {
      "has_raw_copper": "2024-07-14 05:02:44 +0000"
    },
    "done": true
  },
  "mcwbridges:recipes/andesite_bridge_stair": {
    "criteria": {
      "has_planks": "2024-07-14 05:03:05 +0000"
    },
    "done": true
  },
  "minecraft:recipes/building_blocks/andesite_stairs": {
    "criteria": {
      "has_andesite": "2024-07-14 05:03:05 +0000"
    },
    "done": true
  },
  "mcwbridges:recipes/balustrade_andesite_bridge": {
    "criteria": {
      "has_planks": "2024-07-14 05:03:05 +0000"
    },
    "done": true
  },
  "minecraft:recipes/decorations/andesite_wall_from_andesite_stonecutting": {
    "criteria": {
      "has_andesite": "2024-07-14 05:03:05 +0000"
    },
    "done": true
  },
  "minecraft:recipes/building_blocks/polished_andesite_slab_from_andesite_stonecutting": {
    "criteria": {
      "has_andesite": "2024-07-14 05:03:05 +0000"
    },
    "done": true
  },
  "minecraft:recipes/building_blocks/andesite_slab_from_andesite_stonecutting": {
    "criteria": {
      "has_andesite": "2024-07-14 05:03:05 +0000"
    },
    "done": true
  },
  "minecraft:recipes/building_blocks/andesite_stairs_from_andesite_stonecutting": {
    "criteria": {
      "has_andesite": "2024-07-14 05:03:05 +0000"
    },
    "done": true
  },
  "mcwwindows:recipes/andesite": {
    "criteria": {
      "has_wood": "2024-07-14 05:03:05 +0000"
    },
    "done": true
  },
  "mcwbridges:recipes/andesite_bridge": {
    "criteria": {
      "has_planks": "2024-07-14 05:03:05 +0000"
    },
    "done": true
  },
  "minecraft:recipes/building_blocks/polished_andesite_from_andesite_stonecutting": {
    "criteria": {
      "has_andesite": "2024-07-14 05:03:05 +0000"
    },
    "done": true
  },
  "minecraft:recipes/building_blocks/polished_andesite": {
    "criteria": {
      "has_andesite": "2024-07-14 05:03:05 +0000"
    },
    "done": true
  },
  "minecraft:recipes/decorations/andesite_wall": {
    "criteria": {
      "has_andesite": "2024-07-14 05:03:05 +0000"
    },
    "done": true
  },
  "minecraft:recipes/building_blocks/andesite_slab": {
    "criteria": {
      "has_andesite": "2024-07-14 05:03:05 +0000"
    },
    "done": true
  },
  "minecraft:recipes/building_blocks/polished_andesite_stairs_from_andesite_stonecutting": {
    "criteria": {
      "has_andesite": "2024-07-14 05:03:05 +0000"
    },
    "done": true
  },
  "mcwbridges:recipes/andesite_bridge_pier": {
    "criteria": {
      "has_planks": "2024-07-14 05:03:05 +0000"
    },
    "done": true
  },
  "minecraft:recipes/building_blocks/raw_iron_block": {
    "criteria": {
      "has_raw_iron": "2024-07-14 05:04:39 +0000"
    },
    "done": true
  },
  "minecraft:recipes/misc/iron_ingot_from_smelting_raw_iron": {
    "criteria": {
      "has_raw_iron": "2024-07-14 05:04:39 +0000"
    },
    "done": true
  },
  "minecraft:recipes/misc/iron_ingot_from_blasting_raw_iron": {
    "criteria": {
      "has_raw_iron": "2024-07-14 05:04:39 +0000"
    },
    "done": true
  },
  "mcwwindows:recipes/diorite": {
    "criteria": {
      "has_the_recipe": "2024-07-14 05:07:36 +0000"
    },
    "done": true
  },
  "mcwwindows:recipes/warped": {
    "criteria": {
      "has_the_recipe": "2024-07-14 05:07:36 +0000"
    },
    "done": true
  },
  "mcwwindows:recipes/oak": {
    "criteria": {
      "has_wood": "2024-07-14 05:07:36 +0000"
    },
    "done": true
  },
  "mcwwindows:recipes/dark_oak": {
    "criteria": {
      "has_the_recipe": "2024-07-14 05:07:36 +0000"
    },
    "done": true
  },
  "mcwwindows:recipes/blackstone": {
    "criteria": {
      "has_the_recipe": "2024-07-14 05:07:36 +0000"
    },
    "done": true
  },
  "mcwdoors:recipes/cherry_print": {
    "criteria": {
      "has_wood": "2024-07-14 05:07:36 +0000"
    },
    "done": true
  },
  "mcwwindows:recipes/dark_prismarine": {
    "criteria": {
      "has_the_recipe": "2024-07-14 05:07:36 +0000"
    },
    "done": true
  },
  "mcwwindows:recipes/components": {
    "criteria": {
      "has_wood": "2024-07-14 05:07:36 +0000"
    },
    "done": true
  },
  "mcwwindows:recipes/birch": {
    "criteria": {
      "has_the_recipe": "2024-07-14 05:07:36 +0000"
    },
    "done": true
  },
  "mcwbridges:recipes/oak_bridge_pier": {
    "criteria": {
      "has_planks": "2024-07-14 05:07:36 +0000"
    },
    "done": true
  },
  "mcwwindows:recipes/mangrove": {
    "criteria": {
      "has_the_recipe": "2024-07-14 05:07:36 +0000"
    },
    "done": true
  },
  "mcwwindows:recipes/acacia": {
    "criteria": {
      "has_the_recipe": "2024-07-14 05:07:36 +0000"
    },
    "done": true
  },
  "minecraft:recipes/building_blocks/oak_planks": {
    "criteria": {
      "has_logs": "2024-07-14 05:07:36 +0000"
    },
    "done": true
  },
  "mcwfurnitures:recipes/oak": {
    "criteria": {
      "has_wood": "2024-07-14 05:07:36 +0000"
    },
    "done": true
  },
  "mcwwindows:recipes/stone": {
    "criteria": {
      "has_the_recipe": "2024-07-14 05:07:36 +0000"
    },
    "done": true
  },
  "mcwdoors:recipes/oak": {
    "criteria": {
      "has_wood": "2024-07-14 05:07:36 +0000"
    },
    "done": true
  },
  "mcwwindows:recipes/prismarine": {
    "criteria": {
      "has_the_recipe": "2024-07-14 05:07:36 +0000"
    },
    "done": true
  },
  "mcwwindows:recipes/crimson": {
    "criteria": {
      "has_the_recipe": "2024-07-14 05:07:36 +0000"
    },
    "done": true
  },
  "minecraft:recipes/building_blocks/oak_wood": {
    "criteria": {
      "has_log": "2024-07-14 05:07:36 +0000"
    },
    "done": true
  },
  "mcwwindows:recipes/jungle": {
    "criteria": {
      "has_the_recipe": "2024-07-14 05:07:36 +0000"
    },
    "done": true
  },
  "minecraft:adventure/root": {
    "criteria": {
      "killed_something": "2024-07-14 05:08:38 +0000"
    },
    "done": true
  },
  "minecraft:recipes/building_blocks/blue_wool": {
    "criteria": {
      "has_white_wool": "2024-07-14 05:08:40 +0000"
    },
    "done": true
  },
  "minecraft:recipes/food/cooked_mutton_from_smoking": {
    "criteria": {
      "has_mutton": "2024-07-14 05:08:40 +0000"
    },
    "done": true
  },
  "minecraft:recipes/building_blocks/light_blue_wool": {
    "criteria": {
      "has_white_wool": "2024-07-14 05:08:40 +0000"
    },
    "done": true
  },
  "minecraft:recipes/building_blocks/light_gray_wool": {
    "criteria": {
      "has_white_wool": "2024-07-14 05:08:40 +0000"
    },
    "done": true
  },
  "minecraft:recipes/building_blocks/red_wool": {
    "criteria": {
      "has_white_wool": "2024-07-14 05:08:40 +0000"
    },
    "done": true
  },
  "mcwwindows:recipes/curtains": {
    "criteria": {
      "has_wood": "2024-07-14 05:08:40 +0000"
    },
    "done": true
  },
  "minecraft:recipes/decorations/painting": {
    "criteria": {
      "has_wool": "2024-07-14 05:08:40 +0000"
    },
    "done": true
  },
  "minecraft:recipes/building_blocks/pink_wool": {
    "criteria": {
      "has_white_wool": "2024-07-14 05:08:40 +0000"
    },
    "done": true
  },
  "minecraft:recipes/building_blocks/yellow_wool": {
    "criteria": {
      "has_white_wool": "2024-07-14 05:08:40 +0000"
    },
    "done": true
  },
  "minecraft:recipes/building_blocks/gray_wool": {
    "criteria": {
      "has_white_wool": "2024-07-14 05:08:40 +0000"
    },
    "done": true
  },
  "minecraft:recipes/decorations/white_carpet": {
    "criteria": {
      "has_white_wool": "2024-07-14 05:08:40 +0000"
    },
    "done": true
  },
  "minecraft:recipes/building_blocks/brown_wool": {
    "criteria": {
      "has_white_wool": "2024-07-14 05:08:40 +0000"
    },
    "done": true
  },
  "minecraft:recipes/building_blocks/magenta_wool": {
    "criteria": {
      "has_white_wool": "2024-07-14 05:08:40 +0000"
    },
    "done": true
  },
  "minecraft:recipes/food/cooked_mutton": {
    "criteria": {
      "has_mutton": "2024-07-14 05:08:40 +0000"
    },
    "done": true
  },
  "minecraft:recipes/building_blocks/purple_wool": {
    "criteria": {
      "has_white_wool": "2024-07-14 05:08:40 +0000"
    },
    "done": true
  },
  "minecraft:recipes/building_blocks/cyan_wool": {
    "criteria": {
      "has_white_wool": "2024-07-14 05:08:40 +0000"
    },
    "done": true
  },
  "minecraft:recipes/decorations/white_banner": {
    "criteria": {
      "has_white_wool": "2024-07-14 05:08:40 +0000"
    },
    "done": true
  },
  "minecraft:recipes/building_blocks/orange_wool": {
    "criteria": {
      "has_white_wool": "2024-07-14 05:08:40 +0000"
    },
    "done": true
  },
  "minecraft:recipes/food/cooked_mutton_from_campfire_cooking": {
    "criteria": {
      "has_mutton": "2024-07-14 05:08:40 +0000"
    },
    "done": true
  },
  "minecraft:recipes/building_blocks/black_wool": {
    "criteria": {
      "has_white_wool": "2024-07-14 05:08:40 +0000"
    },
    "done": true
  },
  "minecraft:recipes/decorations/white_bed": {
    "criteria": {
      "has_white_wool": "2024-07-14 05:08:40 +0000"
    },
    "done": true
  },
  "minecraft:recipes/building_blocks/lime_wool": {
    "criteria": {
      "has_white_wool": "2024-07-14 05:08:40 +0000"
    },
    "done": true
  },
  "minecraft:recipes/building_blocks/green_wool": {
    "criteria": {
      "has_white_wool": "2024-07-14 05:08:40 +0000"
    },
    "done": true
  },
  "minecraft:recipes/combat/leather_helmet": {
    "criteria": {
      "has_leather": "2024-07-14 05:08:53 +0000"
    },
    "done": true
  },
  "minecraft:recipes/combat/leather_leggings": {
    "criteria": {
      "has_leather": "2024-07-14 05:08:53 +0000"
    },
    "done": true
  },
  "minecraft:recipes/combat/leather_chestplate": {
    "criteria": {
      "has_leather": "2024-07-14 05:08:53 +0000"
    },
    "done": true
  },
  "minecraft:recipes/misc/leather_horse_armor": {
    "criteria": {
      "has_leather": "2024-07-14 05:08:53 +0000"
    },
    "done": true
  },
  "minecraft:recipes/food/cooked_beef_from_smoking": {
    "criteria": {
      "has_beef": "2024-07-14 05:08:53 +0000"
    },
    "done": true
  },
  "minecraft:recipes/decorations/item_frame": {
    "criteria": {
      "has_leather": "2024-07-14 05:08:53 +0000"
    },
    "done": true
  },
  "minecraft:recipes/combat/leather_boots": {
    "criteria": {
      "has_leather": "2024-07-14 05:08:53 +0000"
    },
    "done": true
  },
  "minecraft:recipes/food/cooked_beef": {
    "criteria": {
      "has_beef": "2024-07-14 05:08:53 +0000"
    },
    "done": true
  },
  "minecraft:recipes/food/cooked_beef_from_campfire_cooking": {
    "criteria": {
      "has_beef": "2024-07-14 05:08:53 +0000"
    },
    "done": true
  },
  "minecraft:recipes/decorations/yellow_bed_from_white_bed": {
    "criteria": {
      "has_bed": "2024-07-14 05:11:47 +0000"
    },
    "done": true
  },
  "minecraft:recipes/decorations/orange_bed_from_white_bed": {
    "criteria": {
      "has_bed": "2024-07-14 05:11:47 +0000"
    },
    "done": true
  },
  "minecraft:recipes/decorations/cyan_bed_from_white_bed": {
    "criteria": {
      "has_bed": "2024-07-14 05:11:47 +0000"
    },
    "done": true
  },
  "minecraft:recipes/decorations/lime_bed_from_white_bed": {
    "criteria": {
      "has_bed": "2024-07-14 05:11:47 +0000"
    },
    "done": true
  },
  "minecraft:recipes/decorations/magenta_bed_from_white_bed": {
    "criteria": {
      "has_bed": "2024-07-14 05:11:47 +0000"
    },
    "done": true
  },
  "minecraft:recipes/decorations/gray_bed_from_white_bed": {
    "criteria": {
      "has_bed": "2024-07-14 05:11:47 +0000"
    },
    "done": true
  },
  "minecraft:recipes/decorations/pink_bed_from_white_bed": {
    "criteria": {
      "has_bed": "2024-07-14 05:11:47 +0000"
    },
    "done": true
  },
  "minecraft:recipes/decorations/red_bed_from_white_bed": {
    "criteria": {
      "has_bed": "2024-07-14 05:11:47 +0000"
    },
    "done": true
  },
  "minecraft:recipes/decorations/brown_bed_from_white_bed": {
    "criteria": {
      "has_bed": "2024-07-14 05:11:47 +0000"
    },
    "done": true
  },
  "minecraft:recipes/decorations/light_blue_bed_from_white_bed": {
    "criteria": {
      "has_bed": "2024-07-14 05:11:47 +0000"
    },
    "done": true
  },
  "minecraft:recipes/decorations/purple_bed_from_white_bed": {
    "criteria": {
      "has_bed": "2024-07-14 05:11:47 +0000"
    },
    "done": true
  },
  "minecraft:recipes/decorations/green_bed_from_white_bed": {
    "criteria": {
      "has_bed": "2024-07-14 05:11:47 +0000"
    },
    "done": true
  },
  "minecraft:recipes/decorations/blue_bed_from_white_bed": {
    "criteria": {
      "has_bed": "2024-07-14 05:11:47 +0000"
    },
    "done": true
  },
  "minecraft:recipes/decorations/black_bed_from_white_bed": {
    "criteria": {
      "has_bed": "2024-07-14 05:11:47 +0000"
    },
    "done": true
  },
  "minecraft:recipes/decorations/light_gray_bed_from_white_bed": {
    "criteria": {
      "has_bed": "2024-07-14 05:11:47 +0000"
    },
    "done": true
  },
  "minecraft:adventure/sleep_in_bed": {
    "criteria": {
      "slept_in_bed": "2024-07-14 05:11:59 +0000"
    },
    "done": true
  },
  "minecraft:recipes/decorations/smoker": {
    "criteria": {
      "has_furnace": "2024-07-14 05:13:05 +0000"
    },
    "done": true
  },
  "minecraft:husbandry/root": {
    "criteria": {
      "consumed_item": "2024-07-14 05:13:31 +0000"
    },
    "done": true
  },
  "minecraft:husbandry/balanced_diet": {
    "criteria": {
      "cooked_mutton": "2024-07-14 05:19:50 +0000",
      "cooked_beef": "2024-07-14 05:13:31 +0000"
    },
    "done": false
  },
  "minecraft:recipes/combat/iron_leggings": {
    "criteria": {
      "has_iron_ingot": "2024-07-14 05:17:02 +0000"
    },
    "done": true
  },
  "minecraft:recipes/combat/iron_chestplate": {
    "criteria": {
      "has_iron_ingot": "2024-07-14 05:17:02 +0000"
    },
    "done": true
  },
  "minecraft:recipes/misc/iron_nugget": {
    "criteria": {
      "has_iron_ingot": "2024-07-14 05:17:02 +0000"
    },
    "done": true
  },
  "minecraft:recipes/misc/bucket": {
    "criteria": {
      "has_iron_ingot": "2024-07-14 05:17:02 +0000"
    },
    "done": true
  },
  "minecraft:recipes/combat/iron_helmet": {
    "criteria": {
      "has_iron_ingot": "2024-07-14 05:17:02 +0000"
    },
    "done": true
  },
  "minecraft:recipes/transportation/minecart": {
    "criteria": {
      "has_iron_ingot": "2024-07-14 05:17:02 +0000"
    },
    "done": true
  },
  "minecraft:recipes/tools/iron_hoe": {
    "criteria": {
      "has_iron_ingot": "2024-07-14 05:17:02 +0000"
    },
    "done": true
  },
  "mcwlights:recipes/lava_lamp": {
    "criteria": {
      "has_wood": "2024-07-14 05:17:02 +0000"
    },
    "done": true
  },
  "minecraft:story/smelt_iron": {
    "criteria": {
      "iron": "2024-07-14 05:17:02 +0000"
    },
    "done": true
  },
  "minecraft:recipes/tools/shears": {
    "criteria": {
      "has_iron_ingot": "2024-07-14 05:17:02 +0000"
    },
    "done": true
  },
  "minecraft:recipes/decorations/chain": {
    "criteria": {
      "has_iron_ingot": "2024-07-14 05:17:02 +0000"
    },
    "done": true
  },
  "minecraft:recipes/building_blocks/iron_block": {
    "criteria": {
      "has_iron_ingot": "2024-07-14 05:17:02 +0000"
    },
    "done": true
  },
  "minecraft:recipes/decorations/smithing_table": {
    "criteria": {
      "has_iron_ingot": "2024-07-14 05:17:02 +0000"
    },
    "done": true
  },
  "mcwbridges:recipes/iron_bridge_pier": {
    "criteria": {
      "has_planks": "2024-07-14 05:17:02 +0000"
    },
    "done": true
  },
  "minecraft:recipes/combat/iron_sword": {
    "criteria": {
      "has_iron_ingot": "2024-07-14 05:17:02 +0000"
    },
    "done": true
  },
  "minecraft:recipes/tools/iron_pickaxe": {
    "criteria": {
      "has_iron_ingot": "2024-07-14 05:17:02 +0000"
    },
    "done": true
  },
  "minecraft:recipes/combat/shield": {
    "criteria": {
      "has_iron_ingot": "2024-07-14 05:17:02 +0000"
    },
    "done": true
  },
  "mcwlights:recipes/iron_stuff": {
    "criteria": {
      "has_wood": "2024-07-14 05:17:02 +0000"
    },
    "done": true
  },
  "minecraft:recipes/redstone/hopper": {
    "criteria": {
      "has_iron_ingot": "2024-07-14 05:17:02 +0000"
    },
    "done": true
  },
  "minecraft:recipes/decorations/iron_bars": {
    "criteria": {
      "has_iron_ingot": "2024-07-14 05:17:02 +0000"
    },
    "done": true
  },
  "minecraft:recipes/combat/iron_boots": {
    "criteria": {
      "has_iron_ingot": "2024-07-14 05:17:02 +0000"
    },
    "done": true
  },
  "minecraft:recipes/decorations/lantern": {
    "criteria": {
      "has_iron_ingot": "2024-07-14 05:17:02 +0000"
    },
    "done": true
  },
  "minecraft:recipes/tools/iron_shovel": {
    "criteria": {
      "has_iron_ingot": "2024-07-14 05:17:02 +0000"
    },
    "done": true
  },
  "mcwdoors:recipes/metal": {
    "criteria": {
      "has_wood": "2024-07-14 05:17:02 +0000"
    },
    "done": true
  },
  "mcwbridges:recipes/iron_bridge": {
    "criteria": {
      "has_planks": "2024-07-14 05:17:02 +0000"
    },
    "done": true
  },
  "minecraft:recipes/redstone/iron_trapdoor": {
    "criteria": {
      "has_iron_ingot": "2024-07-14 05:17:02 +0000"
    },
    "done": true
  },
  "minecraft:recipes/tools/iron_axe": {
    "criteria": {
      "has_iron_ingot": "2024-07-14 05:17:02 +0000"
    },
    "done": true
  },
  "minecraft:recipes/combat/crossbow": {
    "criteria": {
      "has_iron_ingot": "2024-07-14 05:17:02 +0000"
    },
    "done": true
  },
  "mcwbridges:recipes/pliers": {
    "criteria": {
      "has_planks": "2024-07-14 05:17:02 +0000"
    },
    "done": true
  },
  "minecraft:recipes/redstone/iron_door": {
    "criteria": {
      "has_iron_ingot": "2024-07-14 05:17:02 +0000"
    },
    "done": true
  },
  "minecraft:recipes/redstone/heavy_weighted_pressure_plate": {
    "criteria": {
      "has_iron_ingot": "2024-07-14 05:17:02 +0000"
    },
    "done": true
  },
  "mcwlights:recipes/garden_light": {
    "criteria": {
      "has_wood": "2024-07-14 05:17:02 +0000"
    },
    "done": true
  },
  "minecraft:recipes/transportation/spruce_boat": {
    "criteria": {
      "in_water": "2024-07-14 05:19:21 +0000"
    },
    "done": true
  },
  "minecraft:recipes/transportation/birch_boat": {
    "criteria": {
      "in_water": "2024-07-14 05:19:21 +0000"
    },
    "done": true
  },
  "minecraft:recipes/transportation/oak_boat": {
    "criteria": {
      "in_water": "2024-07-14 05:19:21 +0000"
    },
    "done": true
  },
  "minecraft:recipes/transportation/mangrove_boat": {
    "criteria": {
      "in_water": "2024-07-14 05:19:21 +0000"
    },
    "done": true
  },
  "minecraft:recipes/transportation/acacia_boat": {
    "criteria": {
      "in_water": "2024-07-14 05:19:21 +0000"
    },
    "done": true
  },
  "minecraft:recipes/transportation/jungle_boat": {
    "criteria": {
      "in_water": "2024-07-14 05:19:21 +0000"
    },
    "done": true
  },
  "minecraft:recipes/transportation/dark_oak_boat": {
    "criteria": {
      "in_water": "2024-07-14 05:19:21 +0000"
    },
    "done": true
  },
  "minecraft:recipes/misc/paper": {
    "criteria": {
      "has_reeds": "2024-07-14 05:19:25 +0000"
    },
    "done": true
  },
  "minecraft:recipes/misc/sugar_from_sugar_cane": {
    "criteria": {
      "has_sugar_cane": "2024-07-14 05:19:25 +0000"
    },
    "done": true
  },
  "minecraft:recipes/transportation/spruce_chest_boat": {
    "criteria": {
      "has_boat": "2024-07-14 05:26:18 +0000"
    },
    "done": true
  },
  "minecraft:recipes/transportation/jungle_chest_boat": {
    "criteria": {
      "has_boat": "2024-07-14 05:26:18 +0000"
    },
    "done": true
  },
  "minecraft:recipes/transportation/acacia_chest_boat": {
    "criteria": {
      "has_boat": "2024-07-14 05:26:18 +0000"
    },
    "done": true
  },
  "minecraft:recipes/transportation/mangrove_chest_boat": {
    "criteria": {
      "has_boat": "2024-07-14 05:26:18 +0000"
    },
    "done": true
  },
  "minecraft:recipes/transportation/oak_chest_boat": {
    "criteria": {
      "has_boat": "2024-07-14 05:26:18 +0000"
    },
    "done": true
  },
  "minecraft:recipes/transportation/birch_chest_boat": {
    "criteria": {
      "has_boat": "2024-07-14 05:26:18 +0000"
    },
    "done": true
  },
  "minecraft:recipes/transportation/dark_oak_chest_boat": {
    "criteria": {
      "has_boat": "2024-07-14 05:26:18 +0000"
    },
    "done": true
  },
  "minecraft:recipes/tools/ocelot_smithing_gold": {
    "criteria": {
      "has_gold_tier_upgrade": "2024-07-14 05:36:23 +0000"
    },
    "done": true
  },
  "minecraft:recipes/tools/spider_smithing_gold": {
    "criteria": {
      "has_gold_tier_upgrade": "2024-07-14 05:36:23 +0000"
    },
    "done": true
  },
  "travelersbackpack:recipes/tools/iron_smithing_legacy_gold": {
    "criteria": {
      "has_gold_tier_upgrade": "2024-07-14 05:36:23 +0000"
    },
    "done": true
  },
  "minecraft:recipes/tools/pig_smithing_gold": {
    "criteria": {
      "has_gold_tier_upgrade": "2024-07-14 05:36:23 +0000"
    },
    "done": true
  },
  "minecraft:recipes/tools/cactus_smithing_gold": {
    "criteria": {
      "has_gold_tier_upgrade": "2024-07-14 05:36:23 +0000"
    },
    "done": true
  },
  "travelersbackpack:recipes/tools/lapis_smithing_legacy_gold": {
    "criteria": {
      "has_gold_tier_upgrade": "2024-07-14 05:36:23 +0000"
    },
    "done": true
  },
  "minecraft:recipes/tools/villager_smithing_gold": {
    "criteria": {
      "has_gold_tier_upgrade": "2024-07-14 05:36:23 +0000"
    },
    "done": true
  },
  "travelersbackpack:recipes/tools/bee_smithing_legacy_gold": {
    "criteria": {
      "has_gold_tier_upgrade": "2024-07-14 05:36:23 +0000"
    },
    "done": true
  },
  "travelersbackpack:recipes/tools/wither_smithing_legacy_gold": {
    "criteria": {
      "has_gold_tier_upgrade": "2024-07-14 05:36:23 +0000"
    },
    "done": true
  },
  "travelersbackpack:recipes/tools/melon_smithing_legacy_gold": {
    "criteria": {
      "has_gold_tier_upgrade": "2024-07-14 05:36:23 +0000"
    },
    "done": true
  },
  "minecraft:recipes/tools/pumpkin_smithing_gold": {
    "criteria": {
      "has_gold_tier_upgrade": "2024-07-14 05:36:23 +0000"
    },
    "done": true
  },
  "travelersbackpack:recipes/tools/standard_smithing_legacy_gold": {
    "criteria": {
      "has_gold_tier_upgrade": "2024-07-14 05:36:23 +0000"
    },
    "done": true
  },
  "travelersbackpack:recipes/tools/fox_smithing_legacy_gold": {
    "criteria": {
      "has_gold_tier_upgrade": "2024-07-14 05:36:23 +0000"
    },
    "done": true
  },
  "minecraft:recipes/tools/standard_smithing_gold": {
    "criteria": {
      "has_gold_tier_upgrade": "2024-07-14 05:36:23 +0000"
    },
    "done": true
  },
  "travelersbackpack:recipes/tools/pig_smithing_legacy_gold": {
    "criteria": {
      "has_gold_tier_upgrade": "2024-07-14 05:36:23 +0000"
    },
    "done": true
  },
  "minecraft:recipes/tools/bee_smithing_gold": {
    "criteria": {
      "has_gold_tier_upgrade": "2024-07-14 05:36:23 +0000"
    },
    "done": true
  },
  "minecraft:recipes/tools/blaze_smithing_gold": {
    "criteria": {
      "has_gold_tier_upgrade": "2024-07-14 05:36:23 +0000"
    },
    "done": true
  },
  "minecraft:recipes/tools/nether_smithing_gold": {
    "criteria": {
      "has_gold_tier_upgrade": "2024-07-14 05:36:23 +0000"
    },
    "done": true
  },
  "minecraft:recipes/tools/lapis_smithing_gold": {
    "criteria": {
      "has_gold_tier_upgrade": "2024-07-14 05:36:23 +0000"
    },
    "done": true
  },
  "minecraft:recipes/tools/emerald_smithing_gold": {
    "criteria": {
      "has_gold_tier_upgrade": "2024-07-14 05:36:23 +0000"
    },
    "done": true
  },
  "travelersbackpack:recipes/tools/snow_smithing_legacy_gold": {
    "criteria": {
      "has_gold_tier_upgrade": "2024-07-14 05:36:23 +0000"
    },
    "done": true
  },
  "travelersbackpack:recipes/tools/spider_smithing_legacy_gold": {
    "criteria": {
      "has_gold_tier_upgrade": "2024-07-14 05:36:23 +0000"
    },
    "done": true
  },
  "minecraft:recipes/tools/dragon_smithing_gold": {
    "criteria": {
      "has_gold_tier_upgrade": "2024-07-14 05:36:23 +0000"
    },
    "done": true
  },
  "travelersbackpack:recipes/tools/villager_smithing_legacy_gold": {
    "criteria": {
      "has_gold_tier_upgrade": "2024-07-14 05:36:23 +0000"
    },
    "done": true
  },
  "travelersbackpack:recipes/tools/creeper_smithing_legacy_gold": {
    "criteria": {
      "has_gold_tier_upgrade": "2024-07-14 05:36:23 +0000"
    },
    "done": true
  },
  "minecraft:recipes/tools/ghast_smithing_gold": {
    "criteria": {
      "has_gold_tier_upgrade": "2024-07-14 05:36:23 +0000"
    },
    "done": true
  },
  "travelersbackpack:recipes/tools/enderman_smithing_legacy_gold": {
    "criteria": {
      "has_gold_tier_upgrade": "2024-07-14 05:36:23 +0000"
    },
    "done": true
  },
  "minecraft:recipes/tools/bookshelf_smithing_gold": {
    "criteria": {
      "has_gold_tier_upgrade": "2024-07-14 05:36:23 +0000"
    },
    "done": true
  },
  "travelersbackpack:recipes/tools/emerald_smithing_legacy_gold": {
    "criteria": {
      "has_gold_tier_upgrade": "2024-07-14 05:36:23 +0000"
    },
    "done": true
  },
  "minecraft:recipes/tools/sandstone_smithing_gold": {
    "criteria": {
      "has_gold_tier_upgrade": "2024-07-14 05:36:23 +0000"
    },
    "done": true
  },
  "minecraft:recipes/tools/cake_smithing_gold": {
    "criteria": {
      "has_gold_tier_upgrade": "2024-07-14 05:36:23 +0000"
    },
    "done": true
  },
  "minecraft:recipes/tools/snow_smithing_gold": {
    "criteria": {
      "has_gold_tier_upgrade": "2024-07-14 05:36:23 +0000"
    },
    "done": true
  },
  "minecraft:recipes/tools/iron_golem_smithing_gold": {
    "criteria": {
      "has_gold_tier_upgrade": "2024-07-14 05:36:23 +0000"
    },
    "done": true
  },
  "travelersbackpack:recipes/tools/iron_golem_smithing_legacy_gold": {
    "criteria": {
      "has_gold_tier_upgrade": "2024-07-14 05:36:23 +0000"
    },
    "done": true
  },
  "minecraft:recipes/tools/creeper_smithing_gold": {
    "criteria": {
      "has_gold_tier_upgrade": "2024-07-14 05:36:23 +0000"
    },
    "done": true
  },
  "minecraft:recipes/tools/cow_smithing_gold": {
    "criteria": {
      "has_gold_tier_upgrade": "2024-07-14 05:36:23 +0000"
    },
    "done": true
  },
  "travelersbackpack:recipes/tools/skeleton_smithing_legacy_gold": {
    "criteria": {
      "has_gold_tier_upgrade": "2024-07-14 05:36:23 +0000"
    },
    "done": true
  },
  "minecraft:recipes/tools/diamond_smithing_gold": {
    "criteria": {
      "has_gold_tier_upgrade": "2024-07-14 05:36:23 +0000"
    },
    "done": true
  },
  "travelersbackpack:recipes/tools/end_smithing_legacy_gold": {
    "criteria": {
      "has_gold_tier_upgrade": "2024-07-14 05:36:23 +0000"
    },
    "done": true
  },
  "minecraft:recipes/tools/fox_smithing_gold": {
    "criteria": {
      "has_gold_tier_upgrade": "2024-07-14 05:36:23 +0000"
    },
    "done": true
  },
  "minecraft:recipes/tools/iron_smithing_gold": {
    "criteria": {
      "has_gold_tier_upgrade": "2024-07-14 05:36:23 +0000"
    },
    "done": true
  },
  "travelersbackpack:recipes/tools/cake_smithing_legacy_gold": {
    "criteria": {
      "has_gold_tier_upgrade": "2024-07-14 05:36:23 +0000"
    },
    "done": true
  },
  "minecraft:recipes/tools/squid_smithing_gold": {
    "criteria": {
      "has_gold_tier_upgrade": "2024-07-14 05:36:23 +0000"
    },
    "done": true
  },
  "travelersbackpack:recipes/tools/squid_smithing_legacy_gold": {
    "criteria": {
      "has_gold_tier_upgrade": "2024-07-14 05:36:23 +0000"
    },
    "done": true
  },
  "minecraft:recipes/tools/gold_smithing_gold": {
    "criteria": {
      "has_gold_tier_upgrade": "2024-07-14 05:36:23 +0000"
    },
    "done": true
  },
  "minecraft:recipes/tools/end_smithing_gold": {
    "criteria": {
      "has_gold_tier_upgrade": "2024-07-14 05:36:23 +0000"
    },
    "done": true
  },
  "travelersbackpack:recipes/tools/cactus_smithing_legacy_gold": {
    "criteria": {
      "has_gold_tier_upgrade": "2024-07-14 05:36:23 +0000"
    },
    "done": true
  },
  "travelersbackpack:recipes/tools/chicken_smithing_legacy_gold": {
    "criteria": {
      "has_gold_tier_upgrade": "2024-07-14 05:36:23 +0000"
    },
    "done": true
  },
  "travelersbackpack:recipes/tools/gold_smithing_legacy_gold": {
    "criteria": {
      "has_gold_tier_upgrade": "2024-07-14 05:36:23 +0000"
    },
    "done": true
  },
  "travelersbackpack:recipes/tools/hay_smithing_legacy_gold": {
    "criteria": {
      "has_gold_tier_upgrade": "2024-07-14 05:36:23 +0000"
    },
    "done": true
  },
  "travelersbackpack:recipes/tools/pumpkin_smithing_legacy_gold": {
    "criteria": {
      "has_gold_tier_upgrade": "2024-07-14 05:36:23 +0000"
    },
    "done": true
  },
  "travelersbackpack:recipes/tools/ghast_smithing_legacy_gold": {
    "criteria": {
      "has_gold_tier_upgrade": "2024-07-14 05:36:23 +0000"
    },
    "done": true
  },
  "minecraft:recipes/tools/wither_smithing_gold": {
    "criteria": {
      "has_gold_tier_upgrade": "2024-07-14 05:36:23 +0000"
    },
    "done": true
  },
  "travelersbackpack:recipes/tools/coal_smithing_legacy_gold": {
    "criteria": {
      "has_gold_tier_upgrade": "2024-07-14 05:36:23 +0000"
    },
    "done": true
  },
  "minecraft:recipes/tools/bat_smithing_gold": {
    "criteria": {
      "has_gold_tier_upgrade": "2024-07-14 05:36:23 +0000"
    },
    "done": true
  },
  "travelersbackpack:recipes/tools/horse_smithing_legacy_gold": {
    "criteria": {
      "has_gold_tier_upgrade": "2024-07-14 05:36:23 +0000"
    },
    "done": true
  },
  "travelersbackpack:recipes/tools/netherite_smithing_legacy_gold": {
    "criteria": {
      "has_gold_tier_upgrade": "2024-07-14 05:36:23 +0000"
    },
    "done": true
  },
  "minecraft:recipes/tools/redstone_smithing_gold": {
    "criteria": {
      "has_gold_tier_upgrade": "2024-07-14 05:36:23 +0000"
    },
    "done": true
  },
  "minecraft:recipes/tools/hay_smithing_gold": {
    "criteria": {
      "has_gold_tier_upgrade": "2024-07-14 05:36:23 +0000"
    },
    "done": true
  },
  "minecraft:recipes/tools/sponge_smithing_gold": {
    "criteria": {
      "has_gold_tier_upgrade": "2024-07-14 05:36:23 +0000"
    },
    "done": true
  },
  "minecraft:recipes/tools/skeleton_smithing_gold": {
    "criteria": {
      "has_gold_tier_upgrade": "2024-07-14 05:36:23 +0000"
    },
    "done": true
  },
  "minecraft:recipes/tools/coal_smithing_gold": {
    "criteria": {
      "has_gold_tier_upgrade": "2024-07-14 05:36:23 +0000"
    },
    "done": true
  },
  "minecraft:recipes/tools/wolf_smithing_gold": {
    "criteria": {
      "has_gold_tier_upgrade": "2024-07-14 05:36:23 +0000"
    },
    "done": true
  },
  "travelersbackpack:recipes/tools/quartz_smithing_legacy_gold": {
    "criteria": {
      "has_gold_tier_upgrade": "2024-07-14 05:36:23 +0000"
    },
    "done": true
  },
  "travelersbackpack:recipes/tools/nether_smithing_legacy_gold": {
    "criteria": {
      "has_gold_tier_upgrade": "2024-07-14 05:36:23 +0000"
    },
    "done": true
  },
  "travelersbackpack:recipes/tools/cow_smithing_legacy_gold": {
    "criteria": {
      "has_gold_tier_upgrade": "2024-07-14 05:36:23 +0000"
    },
    "done": true
  },
  "minecraft:recipes/tools/magma_cube_smithing_gold": {
    "criteria": {
      "has_gold_tier_upgrade": "2024-07-14 05:36:23 +0000"
    },
    "done": true
  },
  "minecraft:recipes/tools/melon_smithing_gold": {
    "criteria": {
      "has_gold_tier_upgrade": "2024-07-14 05:36:23 +0000"
    },
    "done": true
  },
  "travelersbackpack:recipes/tools/dragon_smithing_legacy_gold": {
    "criteria": {
      "has_gold_tier_upgrade": "2024-07-14 05:36:23 +0000"
    },
    "done": true
  },
  "travelersbackpack:recipes/tools/magma_cube_smithing_legacy_gold": {
    "criteria": {
      "has_gold_tier_upgrade": "2024-07-14 05:36:23 +0000"
    },
    "done": true
  },
  "minecraft:recipes/tools/sheep_smithing_gold": {
    "criteria": {
      "has_gold_tier_upgrade": "2024-07-14 05:36:23 +0000"
    },
    "done": true
  },
  "travelersbackpack:recipes/tools/wolf_smithing_legacy_gold": {
    "criteria": {
      "has_gold_tier_upgrade": "2024-07-14 05:36:23 +0000"
    },
    "done": true
  },
  "minecraft:recipes/tools/horse_smithing_gold": {
    "criteria": {
      "has_gold_tier_upgrade": "2024-07-14 05:36:23 +0000"
    },
    "done": true
  },
  "travelersbackpack:recipes/tools/bookshelf_smithing_legacy_gold": {
    "criteria": {
      "has_gold_tier_upgrade": "2024-07-14 05:36:23 +0000"
    },
    "done": true
  },
  "travelersbackpack:recipes/tools/diamond_smithing_legacy_gold": {
    "criteria": {
      "has_gold_tier_upgrade": "2024-07-14 05:36:23 +0000"
    },
    "done": true
  },
  "minecraft:recipes/tools/chicken_smithing_gold": {
    "criteria": {
      "has_gold_tier_upgrade": "2024-07-14 05:36:23 +0000"
    },
    "done": true
  },
  "travelersbackpack:recipes/tools/bat_smithing_legacy_gold": {
    "criteria": {
      "has_gold_tier_upgrade": "2024-07-14 05:36:23 +0000"
    },
    "done": true
  },
  "travelersbackpack:recipes/tools/ocelot_smithing_legacy_gold": {
    "criteria": {
      "has_gold_tier_upgrade": "2024-07-14 05:36:23 +0000"
    },
    "done": true
  },
  "travelersbackpack:recipes/tools/sandstone_smithing_legacy_gold": {
    "criteria": {
      "has_gold_tier_upgrade": "2024-07-14 05:36:23 +0000"
    },
    "done": true
  },
  "travelersbackpack:recipes/tools/redstone_smithing_legacy_gold": {
    "criteria": {
      "has_gold_tier_upgrade": "2024-07-14 05:36:23 +0000"
    },
    "done": true
  },
  "travelersbackpack:recipes/tools/sheep_smithing_legacy_gold": {
    "criteria": {
      "has_gold_tier_upgrade": "2024-07-14 05:36:23 +0000"
    },
    "done": true
  },
  "minecraft:recipes/tools/quartz_smithing_gold": {
    "criteria": {
      "has_gold_tier_upgrade": "2024-07-14 05:36:23 +0000"
    },
    "done": true
  },
  "minecraft:recipes/tools/enderman_smithing_gold": {
    "criteria": {
      "has_gold_tier_upgrade": "2024-07-14 05:36:23 +0000"
    },
    "done": true
  },
  "minecraft:recipes/tools/netherite_smithing_gold": {
    "criteria": {
      "has_gold_tier_upgrade": "2024-07-14 05:36:23 +0000"
    },
    "done": true
  },
  "travelersbackpack:recipes/tools/blaze_smithing_legacy_gold": {
    "criteria": {
      "has_gold_tier_upgrade": "2024-07-14 05:36:23 +0000"
    },
    "done": true
  },
  "travelersbackpack:recipes/tools/sponge_smithing_legacy_gold": {
    "criteria": {
      "has_gold_tier_upgrade": "2024-07-14 05:36:23 +0000"
    },
    "done": true
  },
  "minecraft:recipes/misc/gold_ingot_from_nuggets": {
    "criteria": {
      "has_gold_nugget": "2024-07-14 05:36:25 +0000"
    },
    "done": true
  },
  "minecraft:recipes/brewing/golden_carrot": {
    "criteria": {
      "has_gold_nugget": "2024-07-14 05:36:25 +0000"
    },
    "done": true
  },
  "minecraft:recipes/misc/iron_ingot_from_nuggets": {
    "criteria": {
      "has_iron_nugget": "2024-07-14 05:36:26 +0000"
    },
    "done": true
  },
  "minecraft:recipes/misc/book": {
    "criteria": {
      "has_paper": "2024-07-14 05:37:26 +0000"
    },
    "done": true
  },
  "minecraft:recipes/decorations/cartography_table": {
    "criteria": {
      "has_paper": "2024-07-14 05:37:26 +0000"
    },
    "done": true
  },
  "mcwbridges:recipes/dry_bamboo_bridge": {
    "criteria": {
      "has_planks": "2024-07-14 05:37:38 +0000"
    },
    "done": true
  },
  "mcwbridges:recipes/dry_bamboo_bridge_pier": {
    "criteria": {
      "has_planks": "2024-07-14 05:37:38 +0000"
    },
    "done": true
  },
  "mcwbridges:recipes/bamboo_bridge": {
    "criteria": {
      "has_planks": "2024-07-14 05:37:38 +0000"
    },
    "done": true
  },
  "mcwbridges:recipes/bamboo_bridge_pier": {
    "criteria": {
      "has_planks": "2024-07-14 05:37:38 +0000"
    },
    "done": true
  },
  "minecraft:recipes/misc/stick_from_bamboo_item": {
    "criteria": {
      "has_bamboo": "2024-07-14 05:37:38 +0000"
    },
    "done": true
  },
  "mcwdoors:recipes/bamboo": {
    "criteria": {
      "has_wood": "2024-07-14 05:37:38 +0000"
    },
    "done": true
  },
  "minecraft:recipes/decorations/scaffolding": {
    "criteria": {
      "has_bamboo": "2024-07-14 05:37:38 +0000"
    },
    "done": true
  },
  "mcwbridges:recipes/bridge_torch": {
    "criteria": {
      "has_planks": "2024-07-14 05:45:34 +0000"
    },
    "done": true
  },
  "minecraft:story/obtain_armor": {
    "criteria": {
      "iron_chestplate": "2024-07-14 05:46:37 +0000"
    },
    "done": true
  },
  "minecraft:recipes/misc/iron_nugget_from_smelting": {
    "criteria": {
      "has_iron_chestplate": "2024-07-14 05:46:37 +0000"
    },
    "done": true
  },
  "minecraft:recipes/misc/iron_nugget_from_blasting": {
    "criteria": {
      "has_iron_chestplate": "2024-07-14 05:46:37 +0000"
    },
    "done": true
  },
  "minecraft:adventure/kill_all_mobs": {
    "criteria": {
      "minecraft:spider": "2024-07-14 05:47:01 +0000"
    },
    "done": false
  },
  "minecraft:recipes/brewing/fermented_spider_eye": {
    "criteria": {
      "has_spider_eye": "2024-07-14 05:47:01 +0000"
    },
    "done": true
  },
  "minecraft:adventure/kill_a_mob": {
    "criteria": {
      "minecraft:spider": "2024-07-14 05:47:01 +0000"
    },
    "done": true
  },
  "minecraft:recipes/food/baked_potato_from_campfire_cooking": {
    "criteria": {
      "has_potato": "2024-07-14 05:47:43 +0000"
    },
    "done": true
  },
  "minecraft:recipes/food/baked_potato": {
    "criteria": {
      "has_potato": "2024-07-14 05:47:43 +0000"
    },
    "done": true
  },
  "minecraft:recipes/food/baked_potato_from_smoking": {
    "criteria": {
      "has_potato": "2024-07-14 05:47:43 +0000"
    },
    "done": true
  },
  "minecraft:recipes/misc/pumpkin_seeds": {
    "criteria": {
      "has_pumpkin": "2024-07-14 05:48:33 +0000"
    },
    "done": true
  },
  "minecraft:recipes/food/pumpkin_pie": {
    "criteria": {
      "has_pumpkin": "2024-07-14 05:48:33 +0000"
    },
    "done": true
  },
  "minecraft:recipes/misc/black_dye": {
    "criteria": {
      "has_ink_sac": "2024-07-14 05:52:18 +0000"
    },
    "done": true
  },
  "DataVersion": 3337
}