{
  "minecraft:recipes/decorations/crafting_table": {
    "criteria": {
      "unlock_right_away": "2024-07-14 03:41:31 +0000"
    },
    "done": true
  },
  "minecraft:adventure/adventuring_time": {
    "criteria": {
      "minecraft:birch_forest": "2024-07-14 03:41:32 +0000",
      "minecraft:mangrove_swamp": "2024-07-14 03:43:23 +0000",
      "minecraft:swamp": "2024-07-14 03:43:25 +0000",
      "minecraft:windswept_forest": "2024-07-14 03:42:46 +0000",
      "minecraft:jungle": "2024-07-14 03:43:41 +0000"
    },
    "done": false
  },
  "DataVersion": 3337
}